<?xml version="1.0" encoding="UTF-8"?>
<ow-dc:owBestand xsi:schemaLocation="http://www.geostandaarden.nl/imow/bestanden/deelbestand https://register.geostandaarden.nl/xmlschema/tpod/v2.0.0/bestanden-ow/deelbestand-ow/IMOW_Deelbestand.xsd" xmlns:xsi="http://www.w3.org/2001/XMLSchema-instance" xmlns:xlink="http://www.w3.org/1999/xlink" xmlns:ga="http://www.geostandaarden.nl/imow/gebiedsaanwijzing" xmlns:da="http://www.geostandaarden.nl/imow/datatypenalgemeen" xmlns:sl="http://www.geostandaarden.nl/bestanden-ow/standlevering-generiek" xmlns:ow-dc="http://www.geostandaarden.nl/imow/bestanden/deelbestand" xmlns:ow="http://www.geostandaarden.nl/imow/owobject" xmlns:rol="http://www.geostandaarden.nl/imow/regelsoplocatie" xmlns:rg="http://www.geostandaarden.nl/imow/regelingsgebied" xmlns:p="http://www.geostandaarden.nl/imow/pons" xmlns:l="http://www.geostandaarden.nl/imow/locatie" xmlns:r="http://www.geostandaarden.nl/imow/regels" xmlns:k="http://www.geostandaarden.nl/imow/kaart" xmlns:s="http://www.geostandaarden.nl/imow/symbolisatie" xmlns:op="http://www.geostandaarden.nl/imow/opobject" xmlns:vt="http://www.geostandaarden.nl/imow/vrijetekst">
   <sl:standBestand>
      <sl:dataset>irrelevant</sl:dataset>
      <sl:inhoud>
         <sl:gebied>irrelevant</sl:gebied>
         <sl:leveringsId>irrelevant</sl:leveringsId>
         <sl:objectTypen>
            <sl:objectType>Kaart</sl:objectType>
         </sl:objectTypen>
      </sl:inhoud>
      <!--<sl:stand><ow-dc:owObject><k:Kaart><k:identificatie>nl.imow-gm1911.kaart.Ongewijzigd</k:identificatie><k:naam>Ongewijzigd</k:naam><k:uitsnede><k:Kaartextent><k:minX>114678</k:minX><k:minY>528742</k:minY><k:maxX>138630</k:maxX><k:maxY>549435</k:maxY></k:Kaartextent></k:uitsnede><k:kaartlagen><k:Kaartlaag><k:identificatie>nl.imow-gm1911.kaartlaag.Ongewijzigd</k:identificatie><k:naam>Ongewijzigd</k:naam><k:niveau>1</k:niveau><k:gebiedsaanwijzingweergave><ga:GebiedsaanwijzingRef xlink:href="nl.imow-gm1911.gebiedsaanwijzing.Ongewijzigd"/></k:gebiedsaanwijzingweergave></k:Kaartlaag></k:kaartlagen></k:Kaart></ow-dc:owObject></sl:stand>-->
      <sl:stand>
         <ow-dc:owObject>
            <k:Kaart>
               <ow:procedurestatus>ontwerp</ow:procedurestatus>
               <k:identificatie>nl.imow-gm1911.kaart.NaamWijziging</k:identificatie>
               <k:naam>NaamWijziging [die nu gewijzigd is]</k:naam>
               <k:uitsnede>
                  <k:Kaartextent>
                     <k:minX>114678</k:minX>
                     <k:minY>528742</k:minY>
                     <k:maxX>138630</k:maxX>
                     <k:maxY>549435</k:maxY>
                  </k:Kaartextent>
               </k:uitsnede>
               <k:kaartlagen>
                  <k:Kaartlaag>
                     <k:identificatie>nl.imow-gm1911.kaartlaag.NaamWijziging</k:identificatie>
                     <k:naam>NaamWijziging [die nu gewijzigd is]</k:naam>
                     <k:niveau>1</k:niveau>
                     <k:gebiedsaanwijzingweergave>
                        <ga:GebiedsaanwijzingRef xlink:href="nl.imow-gm1911.gebiedsaanwijzing.NaamWijziging"/>
                     </k:gebiedsaanwijzingweergave>
                  </k:Kaartlaag>
               </k:kaartlagen>
            </k:Kaart>
         </ow-dc:owObject>
      </sl:stand>
<!--      <sl:stand>
         <ow-dc:owObject>
            <k:Kaart>
               <ow:procedurestatus>ontwerp</ow:procedurestatus>
               <k:identificatie>nl.imow-gm1911.kaart.LocatieWijziging</k:identificatie>
               <k:naam>LocatieWijziging</k:naam>
               <k:uitsnede>
                  <k:Kaartextent>
                     <k:minX>114678</k:minX>
                     <k:minY>528742</k:minY>
                     <k:maxX>138630</k:maxX>
                     <k:maxY>549435</k:maxY>
                  </k:Kaartextent>
               </k:uitsnede>
               <k:kaartlagen>
                  <k:Kaartlaag>
                     <k:identificatie>nl.imow-gm1911.kaartlaag.LocatieWijziging</k:identificatie>
                     <k:naam>LocatieWijziging</k:naam>
                     <k:niveau>1</k:niveau>
                     <k:gebiedsaanwijzingweergave>
                        <ga:GebiedsaanwijzingRef xlink:href="nl.imow-gm1911.gebiedsaanwijzing.LocatieWijziging"/>
                     </k:gebiedsaanwijzingweergave>
                  </k:Kaartlaag>
               </k:kaartlagen>
            </k:Kaart>
         </ow-dc:owObject>
      </sl:stand>-->
      <sl:stand>
         <ow-dc:owObject>
            <k:Kaart>
               <ow:status>beëindigen</ow:status>
               <ow:procedurestatus>ontwerp</ow:procedurestatus>
               <k:identificatie>nl.imow-gm1911.kaart.Beeindiging</k:identificatie>
               <k:naam>Beeindiging</k:naam>
               <k:uitsnede>
                  <k:Kaartextent>
                     <k:minX>114678</k:minX>
                     <k:minY>528742</k:minY>
                     <k:maxX>138630</k:maxX>
                     <k:maxY>549435</k:maxY>
                  </k:Kaartextent>
               </k:uitsnede>
               <k:kaartlagen>
                  <k:Kaartlaag>
                     <k:identificatie>nl.imow-gm1911.kaartlaag.Beeindiging</k:identificatie>
                     <k:naam>Beeindiging</k:naam>
                     <k:niveau>1</k:niveau>
                     <k:gebiedsaanwijzingweergave>
                        <ga:GebiedsaanwijzingRef xlink:href="nl.imow-gm1911.gebiedsaanwijzing.Beeindiging"/>
                     </k:gebiedsaanwijzingweergave>
                  </k:Kaartlaag>
               </k:kaartlagen>
            </k:Kaart>
         </ow-dc:owObject>
      </sl:stand>
      <!--      <sl:stand><ow-dc:owObject><k:Kaart><k:identificatie>nl.imow-gm1911.kaart.IntrekkenVervangen</k:identificatie><k:naam>IntrekkenVervangen</k:naam><k:uitsnede><k:Kaartextent><k:minX>114678</k:minX><k:minY>528742</k:minY><k:maxX>138630</k:maxX><k:maxY>549435</k:maxY></k:Kaartextent></k:uitsnede><k:kaartlagen><k:Kaartlaag><k:identificatie>nl.imow-gm1911.kaartlaag.IntrekkenVervangen</k:identificatie><k:naam>IntrekkenVervangen</k:naam><k:niveau>1</k:niveau><k:gebiedsaanwijzingweergave><ga:GebiedsaanwijzingRef xlink:href="nl.imow-gm1911.gebiedsaanwijzing.IntrekkenVervangen"/></k:gebiedsaanwijzingweergave></k:Kaartlaag></k:kaartlagen></k:Kaart></ow-dc:owObject></sl:stand>
      <sl:stand><ow-dc:owObject><k:Kaart><k:identificatie>nl.imow-gm1911.kaart.BeeindigingNavIntrVerv</k:identificatie><k:naam>BeeindigingNavIntrVerv</k:naam><k:uitsnede><k:Kaartextent><k:minX>114678</k:minX><k:minY>528742</k:minY><k:maxX>138630</k:maxX><k:maxY>549435</k:maxY></k:Kaartextent></k:uitsnede><k:kaartlagen><k:Kaartlaag><k:identificatie>nl.imow-gm1911.kaartlaag.BeeindigingNavIntrVerv</k:identificatie><k:naam>BeeindigingNavIntrVerv</k:naam><k:niveau>1</k:niveau><k:gebiedsaanwijzingweergave><ga:GebiedsaanwijzingRef xlink:href="nl.imow-gm1911.gebiedsaanwijzing.BeeindigingNavIntrVerv"/></k:gebiedsaanwijzingweergave></k:Kaartlaag></k:kaartlagen></k:Kaart></ow-dc:owObject></sl:stand>
      <sl:stand><ow-dc:owObject><k:Kaart><k:identificatie>nl.imow-gm1911.kaart.Herleven</k:identificatie><k:naam>Herleven</k:naam><k:uitsnede><k:Kaartextent><k:minX>114678</k:minX><k:minY>528742</k:minY><k:maxX>138630</k:maxX><k:maxY>549435</k:maxY></k:Kaartextent></k:uitsnede><k:kaartlagen><k:Kaartlaag><k:identificatie>nl.imow-gm1911.kaartlaag.Herleven</k:identificatie><k:naam>Herleven</k:naam><k:niveau>1</k:niveau><k:gebiedsaanwijzingweergave><ga:GebiedsaanwijzingRef xlink:href="nl.imow-gm1911.gebiedsaanwijzing.Herleven"/></k:gebiedsaanwijzingweergave></k:Kaartlaag></k:kaartlagen></k:Kaart></ow-dc:owObject></sl:stand>
      <sl:stand><ow-dc:owObject><k:Kaart><k:identificatie>nl.imow-gm1911.kaartlaag.Ongewijzigd</k:identificatie><k:naam>Ongewijzigd</k:naam><k:uitsnede><k:Kaartextent><k:minX>114678</k:minX><k:minY>528742</k:minY><k:maxX>138630</k:maxX><k:maxY>549435</k:maxY></k:Kaartextent></k:uitsnede><k:kaartlagen><k:Kaartlaag><k:identificatie>nl.imow-gm1911.kaartlaag.Ongewijzigd</k:identificatie><k:naam>Ongewijzigd</k:naam><k:niveau>1</k:niveau><k:gebiedsaanwijzingweergave><ga:GebiedsaanwijzingRef xlink:href="nl.imow-gm1911.gebiedsaanwijzing.Ongewijzigd"/></k:gebiedsaanwijzingweergave></k:Kaartlaag></k:kaartlagen></k:Kaart></ow-dc:owObject></sl:stand>-->
      <sl:stand>
         <ow-dc:owObject>
            <k:Kaart>
               <ow:procedurestatus>ontwerp</ow:procedurestatus>
               <k:identificatie>nl.imow-gm1911.kaartlaag.NaamWijziging</k:identificatie>
               <k:naam>NaamWijziging</k:naam>
               <k:uitsnede>
                  <k:Kaartextent>
                     <k:minX>114678</k:minX>
                     <k:minY>528742</k:minY>
                     <k:maxX>138630</k:maxX>
                     <k:maxY>549435</k:maxY>
                  </k:Kaartextent>
               </k:uitsnede>
               <k:kaartlagen>
                  <k:Kaartlaag>
                     <k:identificatie>nl.imow-gm1911.kaartlaag.NaamWijziging</k:identificatie>
                     <k:naam>NaamWijziging [die nu gewijzigd is]</k:naam>
                     <k:niveau>1</k:niveau>
                     <k:gebiedsaanwijzingweergave>
                        <ga:GebiedsaanwijzingRef xlink:href="nl.imow-gm1911.gebiedsaanwijzing.NaamWijziging"/>
                     </k:gebiedsaanwijzingweergave>
                  </k:Kaartlaag>
               </k:kaartlagen>
            </k:Kaart>
         </ow-dc:owObject>
      </sl:stand>
      <!--<sl:stand>
         <ow-dc:owObject>
            <k:Kaart>
               <ow:procedurestatus>ontwerp</ow:procedurestatus>
               <k:identificatie>nl.imow-gm1911.kaartlaag.LocatieWijziging</k:identificatie>
               <k:naam>LocatieWijziging</k:naam>
               <k:uitsnede>
                  <k:Kaartextent>
                     <k:minX>114678</k:minX>
                     <k:minY>528742</k:minY>
                     <k:maxX>138630</k:maxX>
                     <k:maxY>549435</k:maxY>
                  </k:Kaartextent>
               </k:uitsnede>
               <k:kaartlagen>
                  <k:Kaartlaag>
                     <k:identificatie>nl.imow-gm1911.kaartlaag.LocatieWijziging</k:identificatie>
                     <k:naam>LocatieWijziging</k:naam>
                     <k:niveau>1</k:niveau>
                     <k:gebiedsaanwijzingweergave>
                        <ga:GebiedsaanwijzingRef xlink:href="nl.imow-gm1911.gebiedsaanwijzing.LocatieWijziging"/>
                     </k:gebiedsaanwijzingweergave>
                  </k:Kaartlaag>
               </k:kaartlagen>
            </k:Kaart>
         </ow-dc:owObject>
      </sl:stand>-->
      <sl:stand>
         <ow-dc:owObject>
            <k:Kaart>
               <ow:status>beëindigen</ow:status>
               <ow:procedurestatus>ontwerp</ow:procedurestatus>
               <k:identificatie>nl.imow-gm1911.kaartlaag.Beeindiging</k:identificatie>
               <k:naam>Beeindiging</k:naam>
               <k:uitsnede>
                  <k:Kaartextent>
                     <k:minX>114678</k:minX>
                     <k:minY>528742</k:minY>
                     <k:maxX>138630</k:maxX>
                     <k:maxY>549435</k:maxY>
                  </k:Kaartextent>
               </k:uitsnede>
               <k:kaartlagen>
                  <k:Kaartlaag>
                     <k:identificatie>nl.imow-gm1911.kaartlaag.Beeindiging</k:identificatie>
                     <k:naam>Beeindiging</k:naam>
                     <k:niveau>1</k:niveau>
                     <k:gebiedsaanwijzingweergave>
                        <ga:GebiedsaanwijzingRef xlink:href="nl.imow-gm1911.gebiedsaanwijzing.Beeindiging"/>
                     </k:gebiedsaanwijzingweergave>
                  </k:Kaartlaag>
               </k:kaartlagen>
            </k:Kaart>
         </ow-dc:owObject>
      </sl:stand>
      <!--      <sl:stand><ow-dc:owObject><k:Kaart><k:identificatie>nl.imow-gm1911.kaartlaag.IntrekkenVervangen</k:identificatie><k:naam>IntrekkenVervangen</k:naam><k:uitsnede><k:Kaartextent><k:minX>114678</k:minX><k:minY>528742</k:minY><k:maxX>138630</k:maxX><k:maxY>549435</k:maxY></k:Kaartextent></k:uitsnede><k:kaartlagen><k:Kaartlaag><k:identificatie>nl.imow-gm1911.kaartlaag.IntrekkenVervangen</k:identificatie><k:naam>IntrekkenVervangen</k:naam><k:niveau>1</k:niveau><k:gebiedsaanwijzingweergave><ga:GebiedsaanwijzingRef xlink:href="nl.imow-gm1911.gebiedsaanwijzing.IntrekkenVervangen"/></k:gebiedsaanwijzingweergave></k:Kaartlaag></k:kaartlagen></k:Kaart></ow-dc:owObject></sl:stand>
      <sl:stand><ow-dc:owObject><k:Kaart><k:identificatie>nl.imow-gm1911.kaartlaag.BeeindigingNavIntrVerv</k:identificatie><k:naam>BeeindigingNavIntrVerv</k:naam><k:uitsnede><k:Kaartextent><k:minX>114678</k:minX><k:minY>528742</k:minY><k:maxX>138630</k:maxX><k:maxY>549435</k:maxY></k:Kaartextent></k:uitsnede><k:kaartlagen><k:Kaartlaag><k:identificatie>nl.imow-gm1911.kaartlaag.BeeindigingNavIntrVerv</k:identificatie><k:naam>BeeindigingNavIntrVerv</k:naam><k:niveau>1</k:niveau><k:gebiedsaanwijzingweergave><ga:GebiedsaanwijzingRef xlink:href="nl.imow-gm1911.gebiedsaanwijzing.BeeindigingNavIntrVerv"/></k:gebiedsaanwijzingweergave></k:Kaartlaag></k:kaartlagen></k:Kaart></ow-dc:owObject></sl:stand>
      <sl:stand><ow-dc:owObject><k:Kaart><k:identificatie>nl.imow-gm1911.kaartlaag.Herleven</k:identificatie><k:naam>Herleven</k:naam><k:uitsnede><k:Kaartextent><k:minX>114678</k:minX><k:minY>528742</k:minY><k:maxX>138630</k:maxX><k:maxY>549435</k:maxY></k:Kaartextent></k:uitsnede><k:kaartlagen><k:Kaartlaag><k:identificatie>nl.imow-gm1911.kaartlaag.Herleven</k:identificatie><k:naam>Herleven</k:naam><k:niveau>1</k:niveau><k:gebiedsaanwijzingweergave><ga:GebiedsaanwijzingRef xlink:href="nl.imow-gm1911.gebiedsaanwijzing.Herleven"/></k:gebiedsaanwijzingweergave></k:Kaartlaag></k:kaartlagen></k:Kaart></ow-dc:owObject></sl:stand>-->

   </sl:standBestand>
</ow-dc:owBestand>
