<?xml version="1.0" encoding="UTF-8"?>
<ow-dc:owBestand xsi:schemaLocation="http://www.geostandaarden.nl/imow/bestanden/deelbestand https://register.geostandaarden.nl/xmlschema/tpod/v2.0.0/bestanden-ow/deelbestand-ow/IMOW_Deelbestand.xsd" xmlns:xsi="http://www.w3.org/2001/XMLSchema-instance" xmlns:xlink="http://www.w3.org/1999/xlink" xmlns:ga="http://www.geostandaarden.nl/imow/gebiedsaanwijzing" xmlns:da="http://www.geostandaarden.nl/imow/datatypenalgemeen" xmlns:sl="http://www.geostandaarden.nl/bestanden-ow/standlevering-generiek" xmlns:ow-dc="http://www.geostandaarden.nl/imow/bestanden/deelbestand" xmlns:ow="http://www.geostandaarden.nl/imow/owobject" xmlns:rol="http://www.geostandaarden.nl/imow/regelsoplocatie" xmlns:rg="http://www.geostandaarden.nl/imow/regelingsgebied" xmlns:p="http://www.geostandaarden.nl/imow/pons" xmlns:l="http://www.geostandaarden.nl/imow/locatie" xmlns:r="http://www.geostandaarden.nl/imow/regels" xmlns:k="http://www.geostandaarden.nl/imow/kaart" xmlns:s="http://www.geostandaarden.nl/imow/symbolisatie" xmlns:op="http://www.geostandaarden.nl/imow/opobject" xmlns:vt="http://www.geostandaarden.nl/imow/vrijetekst">
   <sl:standBestand>
      <sl:dataset>TijdreizenInHollandsKroon</sl:dataset>
      <sl:inhoud>
         <sl:gebied>Amsterdam</sl:gebied>
         <sl:leveringsId>Kadaster-Tijdreizen-initieel_001</sl:leveringsId>
         <sl:objectTypen>
            <!--            <sl:objectType>Ambtsgebied</sl:objectType>-->
            <sl:objectType>Gebied</sl:objectType>
            <sl:objectType>Gebiedengroep</sl:objectType>
         </sl:objectTypen>
      </sl:inhoud>
      <sl:stand>
         <ow-dc:owObject>
            <l:Gebiedengroep>
               <ow:procedurestatus>ontwerp</ow:procedurestatus>
               <l:identificatie>nl.imow-gm1911.gebiedengroep.BuitengebiedWieringerwaard</l:identificatie>
               <l:noemer>Buitengebied Wieringerwaard [naam aangepast]</l:noemer>
               <l:groepselement>
                  <l:GebiedRef xlink:href="nl.imow-gm1911.gebied.BuitengebiedWieringerwaard"/>
               </l:groepselement>
            </l:Gebiedengroep>
         </ow-dc:owObject>
      </sl:stand>
      <!--      <sl:stand>
         <ow-dc:owObject>
            <l:Gebied>
               <l:identificatie>nl.imow-gm1911.gebied.BuitengebiedWieringerwaard</l:identificatie>
               <l:geometrie>
                  <l:GeometrieRef xlink:href="b2c90822-41da-4bd2-8b18-29784ef04d7d"/>
               </l:geometrie>
            </l:Gebied>
         </ow-dc:owObject>
      </sl:stand>-->
      <!--      <sl:stand>
         <ow-dc:owObject>
            <l:Gebiedengroep>
               <l:identificatie>nl.imow-gm1911.gebiedengroep.Oostpolder</l:identificatie>
               <l:noemer>Oostpolder</l:noemer>
               <l:groepselement>
                  <l:GebiedRef xlink:href="nl.imow-gm1911.gebied.Oostpolder"/>
               </l:groepselement>
            </l:Gebiedengroep>
         </ow-dc:owObject>
      </sl:stand>-->
      <sl:stand>
         <ow-dc:owObject>
            <l:Gebied>
               <ow:procedurestatus>ontwerp</ow:procedurestatus>
               <l:identificatie>nl.imow-gm1911.gebied.Oostpolder</l:identificatie>
               <l:geometrie>
                  <l:GeometrieRef xlink:href="88153298-fccb-430e-9e08-3bcf9ba26cdd"/>
               </l:geometrie>
            </l:Gebied>
         </ow-dc:owObject>
      </sl:stand>
      <!--      <sl:stand>
         <ow-dc:owObject>
            <l:Gebiedengroep>
               <l:identificatie>nl.imow-gm1911.gebiedengroep.VerspreideHuizenKreileroord</l:identificatie>
               <l:noemer>Verspreide huizen Kreileroord</l:noemer>
               <l:groepselement>
                  <l:GebiedRef xlink:href="nl.imow-gm1911.gebied.VerspreideHuizenKreileroord"/>
               </l:groepselement>
            </l:Gebiedengroep>
         </ow-dc:owObject>
      </sl:stand>
      <sl:stand>
         <ow-dc:owObject>
            <l:Gebied>
               <l:identificatie>nl.imow-gm1911.gebied.VerspreideHuizenKreileroord</l:identificatie>
               <l:geometrie>
                  <l:GeometrieRef xlink:href="201a4c2f-dda9-43d5-b844-38f1b070c260"/>
               </l:geometrie>
            </l:Gebied>
         </ow-dc:owObject>
      </sl:stand>-->
      <!--<sl:stand><ow-dc:owObject><l:Gebiedengroep><l:identificatie>nl.imow-gm1911.gebiedengroep.VerspreideHuizenMiddenmeer</l:identificatie><l:noemer>Verspreide huizen Middenmeer</l:noemer><l:groepselement><l:GebiedRef xlink:href="nl.imow-gm1911.gebied.VerspreideHuizenMiddenmeer"/></l:groepselement></l:Gebiedengroep></ow-dc:owObject></sl:stand><sl:stand><ow-dc:owObject><l:Gebied><l:identificatie>nl.imow-gm1911.gebied.VerspreideHuizenMiddenmeer</l:identificatie><l:geometrie><l:GeometrieRef xlink:href="16b14f31-e95d-4cf4-b6d1-944ef36e6a7d"/></l:geometrie></l:Gebied></ow-dc:owObject></sl:stand>
    <sl:stand><ow-dc:owObject><l:Gebiedengroep><l:identificatie>nl.imow-gm1911.gebiedengroep.VerspreideHuizenSlootdorp</l:identificatie><l:noemer>Verspreide huizen Slootdorp</l:noemer><l:groepselement><l:GebiedRef xlink:href="nl.imow-gm1911.gebied.VerspreideHuizenSlootdorp"/></l:groepselement></l:Gebiedengroep></ow-dc:owObject></sl:stand><sl:stand><ow-dc:owObject><l:Gebied><l:identificatie>nl.imow-gm1911.gebied.VerspreideHuizenSlootdorp</l:identificatie><l:geometrie><l:GeometrieRef xlink:href="3d7b84fd-6b12-4953-a0e0-f83c9e51faa4"/></l:geometrie></l:Gebied></ow-dc:owObject></sl:stand>-->
      <sl:stand>
         <ow-dc:owObject>
            <l:Gebiedengroep>
               <ow:status>beëindigen</ow:status>
               <ow:procedurestatus>ontwerp</ow:procedurestatus>
               <l:identificatie>nl.imow-gm1911.gebiedengroep.VerspreideHuizenWieringerwerf</l:identificatie>
               <l:noemer>Verspreide huizen Wieringerwerf</l:noemer>
               <l:groepselement>
                  <l:GebiedRef xlink:href="nl.imow-gm1911.gebied.VerspreideHuizenWieringerwerf"/>
               </l:groepselement>
            </l:Gebiedengroep>
         </ow-dc:owObject>
      </sl:stand>
      <sl:stand>
         <ow-dc:owObject>
            <l:Gebied>
               <ow:status>beëindigen</ow:status>
               <ow:procedurestatus>ontwerp</ow:procedurestatus>
               <l:identificatie>nl.imow-gm1911.gebied.VerspreideHuizenWieringerwerf</l:identificatie>
               <l:geometrie>
                  <l:GeometrieRef xlink:href="6c273746-ab5c-4ceb-8c16-af7a12aa0b21"/>
               </l:geometrie>
            </l:Gebied>
         </ow-dc:owObject>
      </sl:stand>
      <!--      <sl:stand>
         <ow-dc:owObject>
            <l:Ambtsgebied>
               <l:identificatie>nl.imow-gm1911.ambtsgebied.kadastertest</l:identificatie>
               <l:bestuurlijkeGrenzenVerwijzing>
                  <l:BestuurlijkeGrenzenVerwijzing>
                     <l:bestuurlijkeGrenzenID>GM1911</l:bestuurlijkeGrenzenID>
                     <l:domein>NL.BI.BestuurlijkGebied</l:domein>
                     <l:geldigOp>2022-03-01</l:geldigOp>
                  </l:BestuurlijkeGrenzenVerwijzing>
               </l:bestuurlijkeGrenzenVerwijzing>
            </l:Ambtsgebied>
         </ow-dc:owObject>
      </sl:stand>-->
   </sl:standBestand>
</ow-dc:owBestand>
