<?xml version="1.0" encoding="UTF-8"?>
<lvbb:manifest xmlns:lvbb="http://www.overheid.nl/2017/lvbb">
 <lvbb:bestand>
  <lvbb:bestandsnaam>HK_owGebiedsaanwijzing.xml</lvbb:bestandsnaam>
  <lvbb:contentType>application/xml</lvbb:contentType>
 </lvbb:bestand>
 <lvbb:bestand>
  <lvbb:bestandsnaam>HK_owTekstdeel.xml</lvbb:bestandsnaam>
  <lvbb:contentType>application/xml</lvbb:contentType>
 </lvbb:bestand>
 <lvbb:bestand>
  <lvbb:bestandsnaam>HK_owHoofdlijn.xml</lvbb:bestandsnaam>
  <lvbb:contentType>application/xml</lvbb:contentType>
 </lvbb:bestand>
 <lvbb:bestand>
  <lvbb:bestandsnaam>manifest-ow.xml</lvbb:bestandsnaam>
  <lvbb:contentType>application/xml</lvbb:contentType>
 </lvbb:bestand>
 <lvbb:bestand>
  <lvbb:bestandsnaam>HK_owKaart.xml</lvbb:bestandsnaam>
  <lvbb:contentType>application/xml</lvbb:contentType>
 </lvbb:bestand>
 <lvbb:bestand>
  <lvbb:bestandsnaam>proefversiebesluit.xml</lvbb:bestandsnaam>
  <lvbb:contentType>application/xml</lvbb:contentType>
 </lvbb:bestand>
 <lvbb:bestand>
  <lvbb:bestandsnaam>HK_owLocatie.xml</lvbb:bestandsnaam>
  <lvbb:contentType>application/xml</lvbb:contentType>
 </lvbb:bestand>
 <lvbb:bestand>
  <lvbb:bestandsnaam>HK_owRegelingsgebied.xml</lvbb:bestandsnaam>
  <lvbb:contentType>application/xml</lvbb:contentType>
 </lvbb:bestand>
 <lvbb:bestand>
  <lvbb:bestandsnaam>88153298-fccb-430e-9e08-3bcf9ba26cdd.gml</lvbb:bestandsnaam>
  <lvbb:contentType>application/xml</lvbb:contentType>
 </lvbb:bestand>
 <lvbb:bestand>
  <lvbb:bestandsnaam>manifest-bhkv.xml</lvbb:bestandsnaam>
  <lvbb:contentType>application/xml</lvbb:contentType>
 </lvbb:bestand>
 <lvbb:bestand>
  <lvbb:bestandsnaam>53c7e086-3f3e-46bb-89d8-7e9bed95819c.gml</lvbb:bestandsnaam>
  <lvbb:contentType>application/xml</lvbb:contentType>
 </lvbb:bestand>
 <lvbb:bestand>
  <lvbb:bestandsnaam>manifest.xml</lvbb:bestandsnaam>
  <lvbb:contentType>application/xml</lvbb:contentType>
 </lvbb:bestand>
</lvbb:manifest>
