<?xml version="1.0" encoding="UTF-8"?><mow:Aanleveringen xmlns:mow="http://www.geostandaarden.nl/bestanden-ow/manifest-ow">
      <mow:domein>omgevingswet</mow:domein>
      <mow:Aanlevering>
	<mow:WorkIDRegeling>/akn/nl/act/gm1911/2022/TijdreisPlanVrijetekststructuur</mow:WorkIDRegeling>
	<mow:DoelID>/join/id/proces/gm1911/2022/OntwerpWijziging</mow:DoelID>
	<mow:Bestand>
	  <mow:naam>88153298-fccb-430e-9e08-3bcf9ba26cdd.gml</mow:naam>
	  <mow:objecttype>Geometrie</mow:objecttype>
	</mow:Bestand>
	<mow:Bestand>
	  <mow:naam>6c273746-ab5c-4ceb-8c16-af7a12aa0b21.gml</mow:naam>
	  <mow:objecttype>Geometrie</mow:objecttype>
	</mow:Bestand>
      </mow:Aanlevering>
    </mow:Aanleveringen>