<lvbbu:UitleveringProefversieBesluit xmlns:lvbbu="https://standaarden.overheid.nl/lvbb/stop/uitlevering/" schemaversie="1.2.0">
      <data:ExpressionIdentificatie xmlns:data="https://standaarden.overheid.nl/stop/imop/data/">
	<data:FRBRWork>/akn/nl/bill/gm1911/2022/HollandsKroonOntwerpOpTijdreisplan</data:FRBRWork>
	<data:FRBRExpression>/akn/nl/bill/gm1911/2022/HollandsKroonOntwerpOpTijdreisplan/nld@2022</data:FRBRExpression>
	<data:soortWork>/join/id/stop/work_003</data:soortWork>
      </data:ExpressionIdentificatie>
      <data:Procedureverloop xmlns:data="https://standaarden.overheid.nl/stop/imop/data/">
	<data:bekendOp>2021-12-18</data:bekendOp>
	<data:ontvangenOp>2022-08-08</data:ontvangenOp>
	<data:procedurestappen>
	  <data:Procedurestap>
	    <data:soortStap>/join/id/stop/procedure/stap_002</data:soortStap>
	    <data:voltooidOp>2021-12-04</data:voltooidOp>
	  </data:Procedurestap>
	  <data:Procedurestap>
	    <data:soortStap>/join/id/stop/procedure/stap_003</data:soortStap>
	    <data:voltooidOp>2021-12-06</data:voltooidOp>
	  </data:Procedurestap>
	</data:procedurestappen>
      </data:Procedureverloop>
      <consolidatie:Proefversies xmlns:consolidatie="https://standaarden.overheid.nl/stop/imop/consolidatie/">
	<consolidatie:bekendOp>2022-08-09</consolidatie:bekendOp>
	<consolidatie:ontvangenOp>2022-08-09</consolidatie:ontvangenOp>
	<consolidatie:Proefversie>
	  <consolidatie:gerealiseerdeDoelen>
	    <consolidatie:doel>/join/id/proces/gm1911/2022/InitieelTijdreisPlan</consolidatie:doel>
	    <consolidatie:doel>/join/id/proces/gm1911/2022/OntwerpWijziging</consolidatie:doel>
	  </consolidatie:gerealiseerdeDoelen>
	  <consolidatie:instrumentVersie>/akn/nl/act/gm1911/2022/TijdreisPlanVrijetekststructuur/nld@2;ontwerp</consolidatie:instrumentVersie>
	</consolidatie:Proefversie>
      </consolidatie:Proefversies>
      <lvbbu:RegelingVersie schemaversie="1.2.0">
	<data:ExpressionIdentificatie xmlns:data="https://standaarden.overheid.nl/stop/imop/data/">
	  <data:FRBRWork>/akn/nl/act/gm1911/2022/TijdreisPlanVrijetekststructuur</data:FRBRWork>
	  <data:FRBRExpression>/akn/nl/act/gm1911/2022/TijdreisPlanVrijetekststructuur/nld@2;ontwerp</data:FRBRExpression>
	  <data:soortWork>/join/id/stop/work_019</data:soortWork>
	</data:ExpressionIdentificatie>
	<data:RegelingVersieMetadata xmlns:data="https://standaarden.overheid.nl/stop/imop/data/">
	  <data:versienummer>1</data:versienummer>
	</data:RegelingVersieMetadata>
	<tekst:RegelingVrijetekst xmlns:tekst="https://standaarden.overheid.nl/stop/imop/tekst/">
	  <tekst:RegelingOpschrift eId="longTitle" wId="longTitle">
	    <tekst:Al>Tijdreisplan (HollandsKroon - regels)</tekst:Al>
	  </tekst:RegelingOpschrift>
	  <Lichaam xmlns="https://standaarden.overheid.nl/stop/imop/tekst/" eId="body" wId="body">
	    <Divisie eId="div_1__div_1.1" wId="gm1911_1__div_1__div_1.1">
	      <Kop>
		<Label>Introductie</Label>
		<Nummer>1.1</Nummer>
		<Opschrift>Introductie van plan</Opschrift>
	      </Kop>
	      <Divisietekst eId="div_1__div_1.1__content_1.1.1" wId="gm1911_1__div_1__div_1.1__content_1.1.1">
		<Inhoud>
		  <Al>Dit is een plan waarbij gebruik gemaakt wordt van meerdere geometrieën.<br/>
                                    De geometrieën die gebruikt worden zijn: 
                                    <IntIoRef eId="div_1__div_1.1__content_1.1.1__ref_o_1" ref="gm1911_1__cmp_I__content_o_1__list_o_1__item_o_1__ref_o_1" wId="gm1911_1__div_1__div_1.1__content_1.1.1__ref_o_1">Buitengebied Wieringerwaard</IntIoRef>
                                    <IntIoRef eId="div_1__div_1.1__content_1.1.1__ref_o_2" ref="gm1911_1__cmp_I__content_o_1__list_o_1__item_o_2__ref_o_1" wId="gm1911_1__div_1__div_1.1__content_1.1.1__ref_o_2">Oostpolder</IntIoRef>
                                    <IntIoRef eId="div_1__div_1.1__content_1.1.1__ref_o_3" ref="gm1911_1__cmp_I__content_o_1__list_o_1__item_o_3__ref_o_1" wId="gm1911_1__div_1__div_1.1__content_1.1.1__ref_o_3">Verspreide huizen Kreileroord</IntIoRef>
                                    <IntIoRef eId="div_1__div_1.1__content_1.1.1__ref_o_4" ref="gm1911_1__cmp_I__content_o_1__list_o_1__item_o_4__ref_o_1" wId="gm1911_1__div_1__div_1.1__content_1.1.1__ref_o_4">Verspreide huizen Middenmeer</IntIoRef>
                                    <IntIoRef eId="div_1__div_1.1__content_1.1.1__ref_o_5" ref="gm1911_1__cmp_I__content_o_1__list_o_1__item_o_5__ref_o_1" wId="gm1911_1__div_1__div_1.1__content_1.1.1__ref_o_5">Verspreide huizen Slootdorp</IntIoRef>
                                    <IntIoRef eId="div_1__div_1.1__content_1.1.1__ref_o_6" ref="gm1911_1__cmp_I__content_o_1__list_o_1__item_o_6__ref_o_1" wId="gm1911_1__div_1__div_1.1__content_1.1.1__ref_o_6">Verspreide huizen Wieringerwerf</IntIoRef>
                                 </Al>
		</Inhoud>
	      </Divisietekst>
	    </Divisie>
	    <!--Automatische deel, niet vergeten dat divisie 3 alleen DivisieTekst is-->
	    <Divisie eId="div_2__div_2.1" wId="gm1911_1__div_2__div_2.1">
	      <Kop>
		<Label>divisieOngewijzigd</Label>
		<Nummer>2.1</Nummer>
		<Opschrift>divisieOngewijzigd</Opschrift>
	      </Kop>
	      <Divisietekst eId="div_2__div_2.1__content_2.1.1" wId="gm1911_1__div_2__div_2.1__content_2.1.1">
		<Inhoud>
		  <Al>Dit is de functionaliteit divisieOngewijzigd. Deze is <strong>niet</strong> van toepassing op dit artikel.<br/>Als je hiernaar kijkt dan zie je een ontwerp gebaseerd op de regelingversie van 07-07-2022. <br/> Dit artikel is te vinden bij het ambtsgebied van Hollands Kroon.</Al>
		</Inhoud>
	      </Divisietekst>
	    </Divisie>
	    <Divisie eId="div_2__div_2.2" wId="gm1911_1__div_2__div_2.2">
	      <Kop>
		<Label>divisieNaamWijziging</Label>
		<Nummer>2.2</Nummer>
		<Opschrift>divisieNaamWijziging</Opschrift>
	      </Kop>
	      <Divisietekst eId="div_2__div_2.2__content_2.2.1" wId="gm1911_1__div_2__div_2.2__content_2.2.1">
		<Inhoud>
		  <Al>Dit is de functionaliteit divisieNaamWijziging. Deze is van toepassing op dit artikel. <br/>Als je hiernaar kijkt dan zie je een ontwerp gebaseerd op de regelingversie van 07-07-2022. <br/> Dit artikel is te vinden bij het ambtsgebied van Hollands Kroon.</Al>
		</Inhoud>
	      </Divisietekst>
	    </Divisie>
	    <Divisie eId="div_2__div_2.3" wId="gm1911_1__div_2__div_2.3">
	      <Kop>
		<Label>divisieLocatieWijziging</Label>
		<Nummer>2.3</Nummer>
		<Opschrift>divisieLocatieWijziging</Opschrift>
	      </Kop>
	      <Divisietekst eId="div_2__div_2.3__content_2.3.1" wId="gm1911_1__div_2__div_2.3__content_2.3.1">
		<Inhoud>
		  <Al>Dit is de functionaliteit divisieLocatieWijziging. Deze is van toepassing op dit artikel. <br/>Als je hiernaar kijkt dan zie je een ontwerp gebaseerd op de regelingversie van 07-07-2022. <br/> Dit artikel is te vinden bij het ambtsgebied van Hollands Kroon.</Al>
		</Inhoud>
	      </Divisietekst>
	    </Divisie>
	    <Divisie eId="div_2__div_2.4" wId="gm1911_1__div_2__div_2.4">
	      <Kop>
		<Label>divisieBeeindiging</Label>
		<Nummer>2.4</Nummer>
		<Opschrift>divisieBeeindiging</Opschrift>
	      </Kop>
	      <Divisietekst eId="div_2__div_2.4__content_2.4.1" wId="gm1911_1__div_2__div_2.4__content_2.4.1">
		<Inhoud>
		  <Al>Dit is de functionaliteit divisieBeeindiging. Deze is <strong>niet</strong> van toepassing op dit artikel.<br/>Als je hiernaar kijkt dan zie je een ontwerp gebaseerd op de regelingversie van 07-07-2022. <br/> Dit artikel is te vinden bij het ambtsgebied van Hollands Kroon.</Al>
		</Inhoud>
	      </Divisietekst>
	    </Divisie>
	    <Divisie eId="div_2__div_2.5" wId="gm1911_1__div_2__div_2.5">
	      <Kop>
		<Label>divisieIntrekkenVervangen</Label>
		<Nummer>2.5</Nummer>
		<Opschrift>divisieIntrekkenVervangen</Opschrift>
	      </Kop>
	      <Divisietekst eId="div_2__div_2.5__content_2.5.1" wId="gm1911_1__div_2__div_2.5__content_2.5.1">
		<Inhoud>
		  <Al>Dit is de functionaliteit divisieIntrekkenVervangen. Deze is <strong>niet</strong> van toepassing op dit artikel.<br/>Als je hiernaar kijkt dan zie je een ontwerp gebaseerd op de regelingversie van 07-07-2022. <br/> Dit artikel is te vinden bij het ambtsgebied van Hollands Kroon.</Al>
		</Inhoud>
	      </Divisietekst>
	    </Divisie>
	    <Divisie eId="div_2__div_2.6" wId="gm1911_1__div_2__div_2.6">
	      <Kop>
		<Label>divisieBeeindigingNavIntrVerv</Label>
		<Nummer>2.6</Nummer>
		<Opschrift>divisieBeeindigingNavIntrVerv</Opschrift>
	      </Kop>
	      <Divisietekst eId="div_2__div_2.6__content_2.6.1" wId="gm1911_1__div_2__div_2.6__content_2.6.1">
		<Inhoud>
		  <Al>Dit is de functionaliteit divisieBeeindigingNavIntrVerv. Deze is <strong>niet</strong> van toepassing op dit artikel.<br/>Als je hiernaar kijkt dan zie je een ontwerp gebaseerd op de regelingversie van 07-07-2022. <br/> Dit artikel is te vinden bij het ambtsgebied van Hollands Kroon.</Al>
		</Inhoud>
	      </Divisietekst>
	    </Divisie>
	    <Divisie eId="div_2__div_2.7" wId="gm1911_1__div_2__div_2.7">
	      <Kop>
		<Label>divisieHerleven</Label>
		<Nummer>2.7</Nummer>
		<Opschrift>divisieHerleven</Opschrift>
	      </Kop>
	      <Divisietekst eId="div_2__div_2.7__content_2.7.1" wId="gm1911_1__div_2__div_2.7__content_2.7.1">
		<Inhoud>
		  <Al>Dit is de functionaliteit divisieHerleven. Deze is <strong>niet</strong> van toepassing op dit artikel.<br/>Als je hiernaar kijkt dan zie je een ontwerp gebaseerd op de regelingversie van 07-07-2022. <br/> Dit artikel is te vinden bij het ambtsgebied van Hollands Kroon.</Al>
		</Inhoud>
	      </Divisietekst>
	    </Divisie>
	    <Divisie eId="div_3__div_3.1" wId="gm1911_1__div_3__div_3.1">
	      <Kop>
		<Label>divisietekstOngewijzigd</Label>
		<Nummer>3.1</Nummer>
		<Opschrift>divisietekstOngewijzigd</Opschrift>
	      </Kop>
	      <Divisietekst eId="div_3__div_3.1__content_3.1.1" wId="gm1911_1__div_3__div_3.1__content_3.1.1">
		<Inhoud>
		  <Al>Dit is de functionaliteit divisietekstOngewijzigd. Deze is <strong>niet</strong> van toepassing op dit artikel.<br/>Als je hiernaar kijkt dan zie je een ontwerp gebaseerd op de regelingversie van 07-07-2022. <br/> Dit artikel is te vinden bij het ambtsgebied van Hollands Kroon.</Al>
		</Inhoud>
	      </Divisietekst>
	    </Divisie>
	    <Divisie eId="div_3__div_3.2" wId="gm1911_1__div_3__div_3.2">
	      <Kop>
		<Label>divisietekstNaamWijziging</Label>
		<Nummer>3.2</Nummer>
		<Opschrift>divisietekstNaamWijziging</Opschrift>
	      </Kop>
	      <Divisietekst eId="div_3__div_3.2__content_3.2.1" wId="gm1911_1__div_3__div_3.2__content_3.2.1">
		<Inhoud>
		  <Al>Dit is de functionaliteit divisietekstNaamWijziging. Deze is van toepassing op dit artikel. <br/>Als je hiernaar kijkt dan zie je een ontwerp gebaseerd op de regelingversie van 07-07-2022. <br/> Dit artikel is te vinden bij het ambtsgebied van Hollands Kroon.</Al>
		</Inhoud>
	      </Divisietekst>
	    </Divisie>
	    <Divisie eId="div_3__div_3.3" wId="gm1911_1__div_3__div_3.3">
	      <Kop>
		<Label>divisietekstLocatieWijziging</Label>
		<Nummer>3.3</Nummer>
		<Opschrift>divisietekstLocatieWijziging</Opschrift>
	      </Kop>
	      <Divisietekst eId="div_3__div_3.3__content_3.3.1" wId="gm1911_1__div_3__div_3.3__content_3.3.1">
		<Inhoud>
		  <Al>Dit is de functionaliteit divisietekstLocatieWijziging. Deze is van toepassing op dit artikel. <br/>Als je hiernaar kijkt dan zie je een ontwerp gebaseerd op de regelingversie van 07-07-2022. <br/> Dit artikel is te vinden bij het ambtsgebied van Hollands Kroon.</Al>
		</Inhoud>
	      </Divisietekst>
	    </Divisie>
	    <Divisie eId="div_3__div_3.4" wId="gm1911_1__div_3__div_3.4">
	      <Kop>
		<Label>divisietekstBeeindiging</Label>
		<Nummer>3.4</Nummer>
		<Opschrift>divisietekstBeeindiging</Opschrift>
	      </Kop>
	      <Divisietekst eId="div_3__div_3.4__content_3.4.1" wId="gm1911_1__div_3__div_3.4__content_3.4.1">
		<Inhoud>
		  <Al>Dit is de functionaliteit divisietekstBeeindiging. Deze is <strong>niet</strong> van toepassing op dit artikel.<br/>Als je hiernaar kijkt dan zie je een ontwerp gebaseerd op de regelingversie van 07-07-2022. <br/> Dit artikel is te vinden bij het ambtsgebied van Hollands Kroon.</Al>
		</Inhoud>
	      </Divisietekst>
	    </Divisie>
	    <Divisie eId="div_3__div_3.5" wId="gm1911_1__div_3__div_3.5">
	      <Kop>
		<Label>divisietekstIntrekkenVervangen</Label>
		<Nummer>3.5</Nummer>
		<Opschrift>divisietekstIntrekkenVervangen</Opschrift>
	      </Kop>
	      <Divisietekst eId="div_3__div_3.5__content_3.5.1" wId="gm1911_1__div_3__div_3.5__content_3.5.1">
		<Inhoud>
		  <Al>Dit is de functionaliteit divisietekstIntrekkenVervangen. Deze is <strong>niet</strong> van toepassing op dit artikel.<br/>Als je hiernaar kijkt dan zie je een ontwerp gebaseerd op de regelingversie van 07-07-2022. <br/> Dit artikel is te vinden bij het ambtsgebied van Hollands Kroon.</Al>
		</Inhoud>
	      </Divisietekst>
	    </Divisie>
	    <Divisie eId="div_3__div_3.6" wId="gm1911_1__div_3__div_3.6">
	      <Kop>
		<Label>divisietekstBeeindigingNavIntrVerv</Label>
		<Nummer>3.6</Nummer>
		<Opschrift>divisietekstBeeindigingNavIntrVerv</Opschrift>
	      </Kop>
	      <Divisietekst eId="div_3__div_3.6__content_3.6.1" wId="gm1911_1__div_3__div_3.6__content_3.6.1">
		<Inhoud>
		  <Al>Dit is de functionaliteit divisietekstBeeindigingNavIntrVerv. Deze is <strong>niet</strong> van toepassing op dit artikel.<br/>Als je hiernaar kijkt dan zie je een ontwerp gebaseerd op de regelingversie van 07-07-2022. <br/> Dit artikel is te vinden bij het ambtsgebied van Hollands Kroon.</Al>
		</Inhoud>
	      </Divisietekst>
	    </Divisie>
	    <Divisie eId="div_3__div_3.7" wId="gm1911_1__div_3__div_3.7">
	      <Kop>
		<Label>divisietekstHerleven</Label>
		<Nummer>3.7</Nummer>
		<Opschrift>divisietekstHerleven</Opschrift>
	      </Kop>
	      <Divisietekst eId="div_3__div_3.7__content_3.7.1" wId="gm1911_1__div_3__div_3.7__content_3.7.1">
		<Inhoud>
		  <Al>Dit is de functionaliteit divisietekstHerleven. Deze is <strong>niet</strong> van toepassing op dit artikel.<br/>Als je hiernaar kijkt dan zie je een ontwerp gebaseerd op de regelingversie van 07-07-2022. <br/> Dit artikel is te vinden bij het ambtsgebied van Hollands Kroon.</Al>
		</Inhoud>
	      </Divisietekst>
	    </Divisie>
	    <Divisie eId="div_4__div_4.1" wId="gm1911_1__div_4__div_4.1">
	      <Kop>
		<Label>tekstdeelOngewijzigd</Label>
		<Nummer>4.1</Nummer>
		<Opschrift>tekstdeelOngewijzigd</Opschrift>
	      </Kop>
	      <Divisietekst eId="div_4__div_4.1__content_4.1.1" wId="gm1911_1__div_4__div_4.1__content_4.1.1">
		<Inhoud>
		  <Al>Dit is de functionaliteit tekstdeelOngewijzigd. Deze is <strong>niet</strong> van toepassing op dit artikel.<br/>Als je hiernaar kijkt dan zie je een ontwerp gebaseerd op de regelingversie van 07-07-2022. <br/> Dit artikel is te vinden bij het ambtsgebied van Hollands Kroon.</Al>
		</Inhoud>
	      </Divisietekst>
	    </Divisie>
	    <Divisie eId="div_4__div_4.2" wId="gm1911_1__div_4__div_4.2">
	      <Kop>
		<Label>tekstdeelNaamWijziging</Label>
		<Nummer>4.2</Nummer>
		<Opschrift>tekstdeelNaamWijziging</Opschrift>
	      </Kop>
	      <Divisietekst eId="div_4__div_4.2__content_4.2.1" wId="gm1911_1__div_4__div_4.2__content_4.2.1">
		<Inhoud>
		  <Al>Dit is de functionaliteit tekstdeelNaamWijziging. Deze is van toepassing op dit artikel. <br/>Als je hiernaar kijkt dan zie je een ontwerp gebaseerd op de regelingversie van 07-07-2022. <br/> Dit artikel is te vinden bij het ambtsgebied van Hollands Kroon.</Al>
		</Inhoud>
	      </Divisietekst>
	    </Divisie>
	    <Divisie eId="div_4__div_4.3" wId="gm1911_1__div_4__div_4.3">
	      <Kop>
		<Label>tekstdeelLocatieWijziging</Label>
		<Nummer>4.3</Nummer>
		<Opschrift>tekstdeelLocatieWijziging</Opschrift>
	      </Kop>
	      <Divisietekst eId="div_4__div_4.3__content_4.3.1" wId="gm1911_1__div_4__div_4.3__content_4.3.1">
		<Inhoud>
		  <Al>Dit is de functionaliteit tekstdeelLocatieWijziging. Deze is van toepassing op dit artikel. <br/>Als je hiernaar kijkt dan zie je een ontwerp gebaseerd op de regelingversie van 07-07-2022. <br/> Dit artikel is te vinden bij het ambtsgebied van Hollands Kroon.</Al>
		</Inhoud>
	      </Divisietekst>
	    </Divisie>
	    <Divisie eId="div_4__div_4.4" wId="gm1911_1__div_4__div_4.4">
	      <Kop>
		<Label>tekstdeelBeeindiging</Label>
		<Nummer>4.4</Nummer>
		<Opschrift>tekstdeelBeeindiging</Opschrift>
	      </Kop>
	      <Divisietekst eId="div_4__div_4.4__content_4.4.1" wId="gm1911_1__div_4__div_4.4__content_4.4.1">
		<Inhoud>
		  <Al>Dit is de functionaliteit tekstdeelBeeindiging. Deze is <strong>niet</strong> van toepassing op dit artikel.<br/>Als je hiernaar kijkt dan zie je een ontwerp gebaseerd op de regelingversie van 07-07-2022. <br/> Dit artikel is te vinden bij het ambtsgebied van Hollands Kroon.</Al>
		</Inhoud>
	      </Divisietekst>
	    </Divisie>
	    <Divisie eId="div_4__div_4.5" wId="gm1911_1__div_4__div_4.5">
	      <Kop>
		<Label>tekstdeelIntrekkenVervangen</Label>
		<Nummer>4.5</Nummer>
		<Opschrift>tekstdeelIntrekkenVervangen</Opschrift>
	      </Kop>
	      <Divisietekst eId="div_4__div_4.5__content_4.5.1" wId="gm1911_1__div_4__div_4.5__content_4.5.1">
		<Inhoud>
		  <Al>Dit is de functionaliteit tekstdeelIntrekkenVervangen. Deze is <strong>niet</strong> van toepassing op dit artikel.<br/>Als je hiernaar kijkt dan zie je een ontwerp gebaseerd op de regelingversie van 07-07-2022. <br/> Dit artikel is te vinden bij het ambtsgebied van Hollands Kroon.</Al>
		</Inhoud>
	      </Divisietekst>
	    </Divisie>
	    <Divisie eId="div_4__div_4.6" wId="gm1911_1__div_4__div_4.6">
	      <Kop>
		<Label>tekstdeelBeeindigingNavIntrVerv</Label>
		<Nummer>4.6</Nummer>
		<Opschrift>tekstdeelBeeindigingNavIntrVerv</Opschrift>
	      </Kop>
	      <Divisietekst eId="div_4__div_4.6__content_4.6.1" wId="gm1911_1__div_4__div_4.6__content_4.6.1">
		<Inhoud>
		  <Al>Dit is de functionaliteit tekstdeelBeeindigingNavIntrVerv. Deze is <strong>niet</strong> van toepassing op dit artikel.<br/>Als je hiernaar kijkt dan zie je een ontwerp gebaseerd op de regelingversie van 07-07-2022. <br/> Dit artikel is te vinden bij het ambtsgebied van Hollands Kroon.</Al>
		</Inhoud>
	      </Divisietekst>
	    </Divisie>
	    <Divisie eId="div_4__div_4.7" wId="gm1911_1__div_4__div_4.7">
	      <Kop>
		<Label>tekstdeelHerleven</Label>
		<Nummer>4.7</Nummer>
		<Opschrift>tekstdeelHerleven</Opschrift>
	      </Kop>
	      <Divisietekst eId="div_4__div_4.7__content_4.7.1" wId="gm1911_1__div_4__div_4.7__content_4.7.1">
		<Inhoud>
		  <Al>Dit is de functionaliteit tekstdeelHerleven. Deze is <strong>niet</strong> van toepassing op dit artikel.<br/>Als je hiernaar kijkt dan zie je een ontwerp gebaseerd op de regelingversie van 07-07-2022. <br/> Dit artikel is te vinden bij het ambtsgebied van Hollands Kroon.</Al>
		</Inhoud>
	      </Divisietekst>
	    </Divisie>
	    <Divisie eId="div_5__div_5.1" wId="gm1911_1__div_5__div_5.1">
	      <Kop>
		<Label>hoofdlijnOngewijzigd</Label>
		<Nummer>5.1</Nummer>
		<Opschrift>hoofdlijnOngewijzigd</Opschrift>
	      </Kop>
	      <Divisietekst eId="div_5__div_5.1__content_5.1.1" wId="gm1911_1__div_5__div_5.1__content_5.1.1">
		<Inhoud>
		  <Al>Dit is de functionaliteit hoofdlijnOngewijzigd. Deze is <strong>niet</strong> van toepassing op dit artikel.<br/>Als je hiernaar kijkt dan zie je een ontwerp gebaseerd op de regelingversie van 07-07-2022. <br/> Dit artikel is te vinden bij het ambtsgebied van Hollands Kroon.</Al>
		</Inhoud>
	      </Divisietekst>
	    </Divisie>
	    <Divisie eId="div_5__div_5.2" wId="gm1911_1__div_5__div_5.2">
	      <Kop>
		<Label>hoofdlijnNaamWijziging</Label>
		<Nummer>5.2</Nummer>
		<Opschrift>hoofdlijnNaamWijziging</Opschrift>
	      </Kop>
	      <Divisietekst eId="div_5__div_5.2__content_5.2.1" wId="gm1911_1__div_5__div_5.2__content_5.2.1">
		<Inhoud>
		  <Al>Dit is de functionaliteit hoofdlijnNaamWijziging. Deze is van toepassing op dit artikel. <br/>Als je hiernaar kijkt dan zie je een ontwerp gebaseerd op de regelingversie van 07-07-2022. <br/> Dit artikel is te vinden bij het ambtsgebied van Hollands Kroon.</Al>
		</Inhoud>
	      </Divisietekst>
	    </Divisie>
	    <Divisie eId="div_5__div_5.3" wId="gm1911_1__div_5__div_5.3">
	      <Kop>
		<Label>hoofdlijnLocatieWijziging</Label>
		<Nummer>5.3</Nummer>
		<Opschrift>hoofdlijnLocatieWijziging</Opschrift>
	      </Kop>
	      <Divisietekst eId="div_5__div_5.3__content_5.3.1" wId="gm1911_1__div_5__div_5.3__content_5.3.1">
		<Inhoud>
		  <Al>Dit is de functionaliteit hoofdlijnLocatieWijziging. Deze is van toepassing op dit artikel. <br/>Als je hiernaar kijkt dan zie je een ontwerp gebaseerd op de regelingversie van 07-07-2022. <br/> Dit artikel is te vinden bij het ambtsgebied van Hollands Kroon.</Al>
		</Inhoud>
	      </Divisietekst>
	    </Divisie>
	    <Divisie eId="div_5__div_5.4" wId="gm1911_1__div_5__div_5.4">
	      <Kop>
		<Label>hoofdlijnBeeindiging</Label>
		<Nummer>5.4</Nummer>
		<Opschrift>hoofdlijnBeeindiging</Opschrift>
	      </Kop>
	      <Divisietekst eId="div_5__div_5.4__content_5.4.1" wId="gm1911_1__div_5__div_5.4__content_5.4.1">
		<Inhoud>
		  <Al>Dit is de functionaliteit hoofdlijnBeeindiging. Deze is <strong>niet</strong> van toepassing op dit artikel.<br/>Als je hiernaar kijkt dan zie je een ontwerp gebaseerd op de regelingversie van 07-07-2022. <br/> Dit artikel is te vinden bij het ambtsgebied van Hollands Kroon.</Al>
		</Inhoud>
	      </Divisietekst>
	    </Divisie>
	    <Divisie eId="div_5__div_5.5" wId="gm1911_1__div_5__div_5.5">
	      <Kop>
		<Label>hoofdlijnIntrekkenVervangen</Label>
		<Nummer>5.5</Nummer>
		<Opschrift>hoofdlijnIntrekkenVervangen</Opschrift>
	      </Kop>
	      <Divisietekst eId="div_5__div_5.5__content_5.5.1" wId="gm1911_1__div_5__div_5.5__content_5.5.1">
		<Inhoud>
		  <Al>Dit is de functionaliteit hoofdlijnIntrekkenVervangen. Deze is <strong>niet</strong> van toepassing op dit artikel.<br/>Als je hiernaar kijkt dan zie je een ontwerp gebaseerd op de regelingversie van 07-07-2022. <br/> Dit artikel is te vinden bij het ambtsgebied van Hollands Kroon.</Al>
		</Inhoud>
	      </Divisietekst>
	    </Divisie>
	    <Divisie eId="div_5__div_5.6" wId="gm1911_1__div_5__div_5.6">
	      <Kop>
		<Label>hoofdlijnBeeindigingNavIntrVerv</Label>
		<Nummer>5.6</Nummer>
		<Opschrift>hoofdlijnBeeindigingNavIntrVerv</Opschrift>
	      </Kop>
	      <Divisietekst eId="div_5__div_5.6__content_5.6.1" wId="gm1911_1__div_5__div_5.6__content_5.6.1">
		<Inhoud>
		  <Al>Dit is de functionaliteit hoofdlijnBeeindigingNavIntrVerv. Deze is <strong>niet</strong> van toepassing op dit artikel.<br/>Als je hiernaar kijkt dan zie je een ontwerp gebaseerd op de regelingversie van 07-07-2022. <br/> Dit artikel is te vinden bij het ambtsgebied van Hollands Kroon.</Al>
		</Inhoud>
	      </Divisietekst>
	    </Divisie>
	    <Divisie eId="div_5__div_5.7" wId="gm1911_1__div_5__div_5.7">
	      <Kop>
		<Label>hoofdlijnHerleven</Label>
		<Nummer>5.7</Nummer>
		<Opschrift>hoofdlijnHerleven</Opschrift>
	      </Kop>
	      <Divisietekst eId="div_5__div_5.7__content_5.7.1" wId="gm1911_1__div_5__div_5.7__content_5.7.1">
		<Inhoud>
		  <Al>Dit is de functionaliteit hoofdlijnHerleven. Deze is <strong>niet</strong> van toepassing op dit artikel.<br/>Als je hiernaar kijkt dan zie je een ontwerp gebaseerd op de regelingversie van 07-07-2022. <br/> Dit artikel is te vinden bij het ambtsgebied van Hollands Kroon.</Al>
		</Inhoud>
	      </Divisietekst>
	    </Divisie>
	    <Divisie eId="div_6__div_6.1" wId="gm1911_1__div_6__div_6.1">
	      <Kop>
		<Label>KaartOngewijzigd</Label>
		<Nummer>6.1</Nummer>
		<Opschrift>KaartOngewijzigd</Opschrift>
	      </Kop>
	      <Divisietekst eId="div_6__div_6.1__content_6.1.1" wId="gm1911_1__div_6__div_6.1__content_6.1.1">
		<Inhoud>
		  <Al>Dit is de functionaliteit KaartOngewijzigd. Deze is <strong>niet</strong> van toepassing op dit artikel.<br/>Als je hiernaar kijkt dan zie je een ontwerp gebaseerd op de regelingversie van 07-07-2022. <br/> Dit artikel is te vinden bij het ambtsgebied van Hollands Kroon.</Al>
		</Inhoud>
	      </Divisietekst>
	    </Divisie>
	    <Divisie eId="div_6__div_6.2" wId="gm1911_1__div_6__div_6.2">
	      <Kop>
		<Label>kaartNaamWijziging</Label>
		<Nummer>6.2</Nummer>
		<Opschrift>kaartNaamWijziging</Opschrift>
	      </Kop>
	      <Divisietekst eId="div_6__div_6.2__content_6.2.1" wId="gm1911_1__div_6__div_6.2__content_6.2.1">
		<Inhoud>
		  <Al>Dit is de functionaliteit kaartNaamWijziging. Deze is van toepassing op dit artikel. <br/>Als je hiernaar kijkt dan zie je een ontwerp gebaseerd op de regelingversie van 07-07-2022. <br/> Dit artikel is te vinden bij het ambtsgebied van Hollands Kroon.</Al>
		</Inhoud>
	      </Divisietekst>
	    </Divisie>
	    <Divisie eId="div_6__div_6.3" wId="gm1911_1__div_6__div_6.3">
	      <Kop>
		<Label>kaartLocatieWijziging</Label>
		<Nummer>6.3</Nummer>
		<Opschrift>kaartLocatieWijziging</Opschrift>
	      </Kop>
	      <Divisietekst eId="div_6__div_6.3__content_6.3.1" wId="gm1911_1__div_6__div_6.3__content_6.3.1">
		<Inhoud>
		  <Al>Dit is de functionaliteit kaartLocatieWijziging. Deze is van toepassing op dit artikel. <br/>Als je hiernaar kijkt dan zie je een ontwerp gebaseerd op de regelingversie van 07-07-2022. <br/> Dit artikel is te vinden bij het ambtsgebied van Hollands Kroon.</Al>
		</Inhoud>
	      </Divisietekst>
	    </Divisie>
	    <Divisie eId="div_6__div_6.4" wId="gm1911_1__div_6__div_6.4">
	      <Kop>
		<Label>kaartBeeindiging</Label>
		<Nummer>6.4</Nummer>
		<Opschrift>kaartBeeindiging</Opschrift>
	      </Kop>
	      <Divisietekst eId="div_6__div_6.4__content_6.4.1" wId="gm1911_1__div_6__div_6.4__content_6.4.1">
		<Inhoud>
		  <Al>Dit is de functionaliteit kaartBeeindiging. Deze is <strong>niet</strong> van toepassing op dit artikel.<br/>Als je hiernaar kijkt dan zie je een ontwerp gebaseerd op de regelingversie van 07-07-2022. <br/> Dit artikel is te vinden bij het ambtsgebied van Hollands Kroon.</Al>
		</Inhoud>
	      </Divisietekst>
	    </Divisie>
	    <Divisie eId="div_6__div_6.5" wId="gm1911_1__div_6__div_6.5">
	      <Kop>
		<Label>kaartIntrekkenVervangen</Label>
		<Nummer>6.5</Nummer>
		<Opschrift>kaartIntrekkenVervangen</Opschrift>
	      </Kop>
	      <Divisietekst eId="div_6__div_6.5__content_6.5.1" wId="gm1911_1__div_6__div_6.5__content_6.5.1">
		<Inhoud>
		  <Al>Dit is de functionaliteit kaartIntrekkenVervangen. Deze is <strong>niet</strong> van toepassing op dit artikel.<br/>Als je hiernaar kijkt dan zie je een ontwerp gebaseerd op de regelingversie van 07-07-2022. <br/> Dit artikel is te vinden bij het ambtsgebied van Hollands Kroon.</Al>
		</Inhoud>
	      </Divisietekst>
	    </Divisie>
	    <Divisie eId="div_6__div_6.6" wId="gm1911_1__div_6__div_6.6">
	      <Kop>
		<Label>kaartBeeindigingNavIntrVerv</Label>
		<Nummer>6.6</Nummer>
		<Opschrift>kaartBeeindigingNavIntrVerv</Opschrift>
	      </Kop>
	      <Divisietekst eId="div_6__div_6.6__content_6.6.1" wId="gm1911_1__div_6__div_6.6__content_6.6.1">
		<Inhoud>
		  <Al>Dit is de functionaliteit kaartBeeindigingNavIntrVerv. Deze is <strong>niet</strong> van toepassing op dit artikel.<br/>Als je hiernaar kijkt dan zie je een ontwerp gebaseerd op de regelingversie van 07-07-2022. <br/> Dit artikel is te vinden bij het ambtsgebied van Hollands Kroon.</Al>
		</Inhoud>
	      </Divisietekst>
	    </Divisie>
	    <Divisie eId="div_6__div_6.7" wId="gm1911_1__div_6__div_6.7">
	      <Kop>
		<Label>kaartHerleven</Label>
		<Nummer>6.7</Nummer>
		<Opschrift>kaartHerleven</Opschrift>
	      </Kop>
	      <Divisietekst eId="div_6__div_6.7__content_6.7.1" wId="gm1911_1__div_6__div_6.7__content_6.7.1">
		<Inhoud>
		  <Al>Dit is de functionaliteit kaartHerleven. Deze is <strong>niet</strong> van toepassing op dit artikel.<br/>Als je hiernaar kijkt dan zie je een ontwerp gebaseerd op de regelingversie van 07-07-2022. <br/> Dit artikel is te vinden bij het ambtsgebied van Hollands Kroon.</Al>
		</Inhoud>
	      </Divisietekst>
	    </Divisie>
	    <Divisie eId="div_7__div_7.1" wId="gm1911_1__div_7__div_7.1">
	      <Kop>
		<Label>GebiedsaanwijzingOngewijzigd</Label>
		<Nummer>7.1</Nummer>
		<Opschrift>GebiedsaanwijzingOngewijzigd</Opschrift>
	      </Kop>
	      <Divisietekst eId="div_7__div_7.1__content_7.1.1" wId="gm1911_1__div_7__div_7.1__content_7.1.1">
		<Inhoud>
		  <Al>Dit is de functionaliteit GebiedsaanwijzingOngewijzigd. Deze is <strong>niet</strong> van toepassing op dit artikel.<br/>Als je hiernaar kijkt dan zie je een ontwerp gebaseerd op de regelingversie van 07-07-2022. <br/> Dit artikel is te vinden bij het ambtsgebied van Hollands Kroon.</Al>
		</Inhoud>
	      </Divisietekst>
	    </Divisie>
	    <Divisie eId="div_7__div_7.2" wId="gm1911_1__div_7__div_7.2">
	      <Kop>
		<Label>GebiedsaanwijzingNaamWijziging</Label>
		<Nummer>7.2</Nummer>
		<Opschrift>GebiedsaanwijzingNaamWijziging</Opschrift>
	      </Kop>
	      <Divisietekst eId="div_7__div_7.2__content_7.2.1" wId="gm1911_1__div_7__div_7.2__content_7.2.1">
		<Inhoud>
		  <Al>Dit is de functionaliteit GebiedsaanwijzingNaamWijziging. Deze is van toepassing op dit artikel. <br/>Als je hiernaar kijkt dan zie je een ontwerp gebaseerd op de regelingversie van 07-07-2022. <br/> Dit artikel is te vinden bij het ambtsgebied van Hollands Kroon.</Al>
		</Inhoud>
	      </Divisietekst>
	    </Divisie>
	    <Divisie eId="div_7__div_7.3" wId="gm1911_1__div_7__div_7.3">
	      <Kop>
		<Label>GebiedsaanwijzingLocatieWijziging</Label>
		<Nummer>7.3</Nummer>
		<Opschrift>GebiedsaanwijzingLocatieWijziging</Opschrift>
	      </Kop>
	      <Divisietekst eId="div_7__div_7.3__content_7.3.1" wId="gm1911_1__div_7__div_7.3__content_7.3.1">
		<Inhoud>
		  <Al>Dit is de functionaliteit GebiedsaanwijzingLocatieWijziging. Deze is van toepassing op dit artikel. <br/>Als je hiernaar kijkt dan zie je een ontwerp gebaseerd op de regelingversie van 07-07-2022. <br/> Dit artikel is te vinden bij het ambtsgebied van Hollands Kroon.</Al>
		</Inhoud>
	      </Divisietekst>
	    </Divisie>
	    <Divisie eId="div_7__div_7.4" wId="gm1911_1__div_7__div_7.4">
	      <Kop>
		<Label>GebiedsaanwijzingBeeindiging</Label>
		<Nummer>7.4</Nummer>
		<Opschrift>GebiedsaanwijzingBeeindiging</Opschrift>
	      </Kop>
	      <Divisietekst eId="div_7__div_7.4__content_7.4.1" wId="gm1911_1__div_7__div_7.4__content_7.4.1">
		<Inhoud>
		  <Al>Dit is de functionaliteit GebiedsaanwijzingBeeindiging. Deze is <strong>niet</strong> van toepassing op dit artikel.<br/>Als je hiernaar kijkt dan zie je een ontwerp gebaseerd op de regelingversie van 07-07-2022. <br/> Dit artikel is te vinden bij het ambtsgebied van Hollands Kroon.</Al>
		</Inhoud>
	      </Divisietekst>
	    </Divisie>
	    <Divisie eId="div_7__div_7.5" wId="gm1911_1__div_7__div_7.5">
	      <Kop>
		<Label>GebiedsaanwijzingIntrekkenVervangen</Label>
		<Nummer>7.5</Nummer>
		<Opschrift>GebiedsaanwijzingIntrekkenVervangen</Opschrift>
	      </Kop>
	      <Divisietekst eId="div_7__div_7.5__content_7.5.1" wId="gm1911_1__div_7__div_7.5__content_7.5.1">
		<Inhoud>
		  <Al>Dit is de functionaliteit GebiedsaanwijzingIntrekkenVervangen. Deze is <strong>niet</strong> van toepassing op dit artikel.<br/>Als je hiernaar kijkt dan zie je een ontwerp gebaseerd op de regelingversie van 07-07-2022. <br/> Dit artikel is te vinden bij het ambtsgebied van Hollands Kroon.</Al>
		</Inhoud>
	      </Divisietekst>
	    </Divisie>
	    <Divisie eId="div_7__div_7.6" wId="gm1911_1__div_7__div_7.6">
	      <Kop>
		<Label>GebiedsaanwijzingBeeindigingNavIntrVerv</Label>
		<Nummer>7.6</Nummer>
		<Opschrift>GebiedsaanwijzingBeeindigingNavIntrVerv</Opschrift>
	      </Kop>
	      <Divisietekst eId="div_7__div_7.6__content_7.6.1" wId="gm1911_1__div_7__div_7.6__content_7.6.1">
		<Inhoud>
		  <Al>Dit is de functionaliteit GebiedsaanwijzingBeeindigingNavIntrVerv. Deze is <strong>niet</strong> van toepassing op dit artikel.<br/>Als je hiernaar kijkt dan zie je een ontwerp gebaseerd op de regelingversie van 07-07-2022. <br/> Dit artikel is te vinden bij het ambtsgebied van Hollands Kroon.</Al>
		</Inhoud>
	      </Divisietekst>
	    </Divisie>
	    <Divisie eId="div_7__div_7.7" wId="gm1911_1__div_7__div_7.7">
	      <Kop>
		<Label>GebiedsaanwijzingHerleven</Label>
		<Nummer>7.7</Nummer>
		<Opschrift>GebiedsaanwijzingHerleven</Opschrift>
	      </Kop>
	      <Divisietekst eId="div_7__div_7.7__content_7.7.1" wId="gm1911_1__div_7__div_7.7__content_7.7.1">
		<Inhoud>
		  <Al>Dit is de functionaliteit GebiedsaanwijzingHerleven. Deze is <strong>niet</strong> van toepassing op dit artikel.<br/>Als je hiernaar kijkt dan zie je een ontwerp gebaseerd op de regelingversie van 07-07-2022. <br/> Dit artikel is te vinden bij het ambtsgebied van Hollands Kroon.</Al>
		</Inhoud>
	      </Divisietekst>
	    </Divisie>
	    <Divisie eId="div_8__div_8.1" wId="gm1911_1__div_8__div_8.1">
	      <Kop>
		<Label>GebiedengroepOngewijzigd</Label>
		<Nummer>8.1</Nummer>
		<Opschrift>GebiedengroepOngewijzigd</Opschrift>
	      </Kop>
	      <Divisietekst eId="div_8__div_8.1__content_8.1.1" wId="gm1911_1__div_8__div_8.1__content_8.1.1">
		<Inhoud>
		  <Al>Dit is de functionaliteit GebiedengroepOngewijzigd. Deze is <strong>niet</strong> van toepassing op dit artikel.<br/>Als je hiernaar kijkt dan zie je een ontwerp gebaseerd op de regelingversie van 07-07-2022. <br/> Dit artikel is te vinden bij het ambtsgebied van Hollands Kroon.</Al>
		</Inhoud>
	      </Divisietekst>
	    </Divisie>
	    <Divisie eId="div_8__div_8.2" wId="gm1911_1__div_8__div_8.2">
	      <Kop>
		<Label>GebiedengroepNaamWijziging</Label>
		<Nummer>8.2</Nummer>
		<Opschrift>GebiedengroepNaamWijziging</Opschrift>
	      </Kop>
	      <Divisietekst eId="div_8__div_8.2__content_8.2.1" wId="gm1911_1__div_8__div_8.2__content_8.2.1">
		<Inhoud>
		  <Al>Dit is de functionaliteit GebiedengroepNaamWijziging. Deze is van toepassing op dit artikel. <br/>Als je hiernaar kijkt dan zie je een ontwerp gebaseerd op de regelingversie van 07-07-2022. <br/> Dit artikel is te vinden bij het ambtsgebied van Hollands Kroon.</Al>
		</Inhoud>
	      </Divisietekst>
	    </Divisie>
	    <Divisie eId="div_8__div_8.3" wId="gm1911_1__div_8__div_8.3">
	      <Kop>
		<Label>GebiedengroepLocatieWijziging</Label>
		<Nummer>8.3</Nummer>
		<Opschrift>GebiedengroepLocatieWijziging</Opschrift>
	      </Kop>
	      <Divisietekst eId="div_8__div_8.3__content_8.3.1" wId="gm1911_1__div_8__div_8.3__content_8.3.1">
		<Inhoud>
		  <Al>Dit is de functionaliteit GebiedengroepLocatieWijziging. Deze is van toepassing op dit artikel. <br/>Als je hiernaar kijkt dan zie je een ontwerp gebaseerd op de regelingversie van 07-07-2022. <br/> Dit artikel is te vinden bij het ambtsgebied van Hollands Kroon.</Al>
		</Inhoud>
	      </Divisietekst>
	    </Divisie>
	    <Divisie eId="div_8__div_8.4" wId="gm1911_1__div_8__div_8.4">
	      <Kop>
		<Label>GebiedengroepBeeindiging</Label>
		<Nummer>8.4</Nummer>
		<Opschrift>GebiedengroepBeeindiging</Opschrift>
	      </Kop>
	      <Divisietekst eId="div_8__div_8.4__content_8.4.1" wId="gm1911_1__div_8__div_8.4__content_8.4.1">
		<Inhoud>
		  <Al>Dit is de functionaliteit GebiedengroepBeeindiging. Deze is <strong>niet</strong> van toepassing op dit artikel.<br/>Als je hiernaar kijkt dan zie je een ontwerp gebaseerd op de regelingversie van 07-07-2022. <br/> Dit artikel is te vinden bij het ambtsgebied van Hollands Kroon.</Al>
		</Inhoud>
	      </Divisietekst>
	    </Divisie>
	    <Divisie eId="div_8__div_8.5" wId="gm1911_1__div_8__div_8.5">
	      <Kop>
		<Label>GebiedengroepIntrekkenVervangen</Label>
		<Nummer>8.5</Nummer>
		<Opschrift>GebiedengroepIntrekkenVervangen</Opschrift>
	      </Kop>
	      <Divisietekst eId="div_8__div_8.5__content_8.5.1" wId="gm1911_1__div_8__div_8.5__content_8.5.1">
		<Inhoud>
		  <Al>Dit is de functionaliteit GebiedengroepIntrekkenVervangen. Deze is <strong>niet</strong> van toepassing op dit artikel.<br/>Als je hiernaar kijkt dan zie je een ontwerp gebaseerd op de regelingversie van 07-07-2022. <br/> Dit artikel is te vinden bij het ambtsgebied van Hollands Kroon.</Al>
		</Inhoud>
	      </Divisietekst>
	    </Divisie>
	    <Divisie eId="div_8__div_8.6" wId="gm1911_1__div_8__div_8.6">
	      <Kop>
		<Label>GebiedOngewijzigd</Label>
		<Nummer>8.6</Nummer>
		<Opschrift>GebiedOngewijzigd</Opschrift>
	      </Kop>
	      <Divisietekst eId="div_8__div_8.6__content_8.6.1" wId="gm1911_1__div_8__div_8.6__content_8.6.1">
		<Inhoud>
		  <Al>Dit is de functionaliteit GebiedOngewijzigd. Deze is <strong>niet</strong> van toepassing op dit artikel.<br/>Als je hiernaar kijkt dan zie je een ontwerp gebaseerd op de regelingversie van 07-07-2022. <br/> Dit artikel is te vinden bij het ambtsgebied van Hollands Kroon.</Al>
		</Inhoud>
	      </Divisietekst>
	    </Divisie>
	    <Divisie eId="div_8__div_8.7" wId="gm1911_1__div_8__div_8.7">
	      <Kop>
		<Label>GebiedNaamWijziging</Label>
		<Nummer>8.7</Nummer>
		<Opschrift>GebiedNaamWijziging</Opschrift>
	      </Kop>
	      <Divisietekst eId="div_8__div_8.7__content_8.7.1" wId="gm1911_1__div_8__div_8.7__content_8.7.1">
		<Inhoud>
		  <Al>Dit is de functionaliteit GebiedNaamWijziging. Deze is van toepassing op dit artikel. <br/>Als je hiernaar kijkt dan zie je een ontwerp gebaseerd op de regelingversie van 07-07-2022. <br/> Dit artikel is te vinden bij het ambtsgebied van Hollands Kroon.</Al>
		</Inhoud>
	      </Divisietekst>
	    </Divisie>
	    <Divisie eId="div_8__div_8.8" wId="gm1911_1__div_8__div_8.8">
	      <Kop>
		<Label>GebiedLocatieWijziging</Label>
		<Nummer>8.8</Nummer>
		<Opschrift>GebiedLocatieWijziging</Opschrift>
	      </Kop>
	      <Divisietekst eId="div_8__div_8.8__content_8.8.1" wId="gm1911_1__div_8__div_8.8__content_8.8.1">
		<Inhoud>
		  <Al>Dit is de functionaliteit GebiedLocatieWijziging. Deze is van toepassing op dit artikel. <br/>Als je hiernaar kijkt dan zie je een ontwerp gebaseerd op de regelingversie van 07-07-2022. <br/> Dit artikel is te vinden bij het ambtsgebied van Hollands Kroon.</Al>
		</Inhoud>
	      </Divisietekst>
	    </Divisie>
	    <Divisie eId="div_8__div_8.9" wId="gm1911_1__div_8__div_8.9">
	      <Kop>
		<Label>GebiedBeeindiging</Label>
		<Nummer>8.9</Nummer>
		<Opschrift>GebiedBeeindiging</Opschrift>
	      </Kop>
	      <Divisietekst eId="div_8__div_8.9__content_8.9.1" wId="gm1911_1__div_8__div_8.9__content_8.9.1">
		<Inhoud>
		  <Al>Dit is de functionaliteit GebiedBeeindiging. Deze is <strong>niet</strong> van toepassing op dit artikel.<br/>Als je hiernaar kijkt dan zie je een ontwerp gebaseerd op de regelingversie van 07-07-2022. <br/> Dit artikel is te vinden bij het ambtsgebied van Hollands Kroon.</Al>
		</Inhoud>
	      </Divisietekst>
	    </Divisie>
	    <Divisie eId="div_8__div_8.10" wId="gm1911_1__div_8__div_8.10">
	      <Kop>
		<Label>GebiedIntrekkenVervangen</Label>
		<Nummer>8.10</Nummer>
		<Opschrift>GebiedIntrekkenVervangen</Opschrift>
	      </Kop>
	      <Divisietekst eId="div_8__div_8.10__content_8.10.1" wId="gm1911_1__div_8__div_8.10__content_8.10.1">
		<Inhoud>
		  <Al>Dit is de functionaliteit GebiedIntrekkenVervangen. Deze is <strong>niet</strong> van toepassing op dit artikel.<br/>Als je hiernaar kijkt dan zie je een ontwerp gebaseerd op de regelingversie van 07-07-2022. <br/> Dit artikel is te vinden bij het ambtsgebied van Hollands Kroon.</Al>
		</Inhoud>
	      </Divisietekst>
	    </Divisie>
	    <Divisie eId="div_9__div_9.1" wId="gm1911_1__div_9__div_9.1">
	      <Kop>
		<Label>SpecifiekeTest 1 divisie en divisietekst allebei geannoteerd</Label>
		<Nummer>9.1</Nummer>
		<Opschrift>SpecifiekeTest 1 divisie en divisietekst allebei geannoteerd</Opschrift>
	      </Kop>
	      <Divisietekst eId="div_9__div_9.1__content_9.1.1" wId="gm1911_1__div_9__div_9.1__content_9.1.1">
		<Inhoud>
		  <Al>Dit is de functionaliteit SpecifiekeTest 1 divisie en divisietekst allebei geannoteerd. Deze is <strong>niet</strong> van toepassing op dit artikel.<br/>Als je hiernaar kijkt dan zie je een ontwerp gebaseerd op de regelingversie van 07-07-2022. <br/> Dit artikel is te vinden bij het ambtsgebied van Hollands Kroon.</Al>
		</Inhoud>
	      </Divisietekst>
	    </Divisie>
	  </Lichaam>
	  <Bijlage xmlns="https://standaarden.overheid.nl/stop/imop/tekst/" eId="cmp_I" wId="gm1911__cmp_I">
	    <Kop>
	      <Label>Bijlage</Label>
	      <Nummer>I</Nummer>
	      <Opschrift>Overzicht Informatieobjecten</Opschrift>
	    </Kop>
	    <Divisietekst eId="cmp_I__content_o_1" wId="gm0363_1__cmp_I__content_o_1">
	      <Inhoud>
		<Begrippenlijst eId="cmp_I__content_o_1__list_o_1" wId="gm0363_1__cmp_I__content_o_1__list_o_1">
		  <Begrip eId="cmp_I__content_o_1__list_o_1__item_o_1" wId="gm1911_1__cmp_I__content_o_1__list_o_1__item_o_1">
		    <Term>Buitengebied Wieringerwaard</Term>
		    <Definitie>
		      <Al><ExtIoRef eId="cmp_I__content_o_1__list_o_1__item_o_1__ref_o_1" ref="/join/id/regdata/gm1911/2022/Buitengebied_Wieringerwaard/nld@2022;1" wId="gm1911_1__cmp_I__content_o_1__list_o_1__item_o_1__ref_o_1">/join/id/regdata/gm1911/2022/Buitengebied_Wieringerwaard/nld@2022;1</ExtIoRef></Al>
		    </Definitie>
		  </Begrip>
		  <Begrip eId="cmp_I__content_o_1__list_o_1__item_o_2" wId="gm1911_1__cmp_I__content_o_1__list_o_1__item_o_2">
		    <Term>Oostpolder</Term>
		    <Definitie>
		      <Al><ExtIoRef eId="cmp_I__content_o_1__list_o_1__item_o_2__ref_o_1" ref="/join/id/regdata/gm1911/2022/Oostpolder/nld@2022;2;ontwerp" wId="gm1911_1__cmp_I__content_o_1__list_o_1__item_o_2__ref_o_1">/join/id/regdata/gm1911/2022/Oostpolder/nld@2022;2;ontwerp</ExtIoRef></Al>
		    </Definitie>
		  </Begrip>
		  <Begrip eId="cmp_I__content_o_1__list_o_1__item_o_3" wId="gm1911_1__cmp_I__content_o_1__list_o_1__item_o_3">
		    <Term>Verspreide huizen Kreileroord</Term>
		    <Definitie>
		      <Al><ExtIoRef eId="cmp_I__content_o_1__list_o_1__item_o_3__ref_o_1" ref="/join/id/regdata/gm1911/2022/Verspreide_huizen_Kreileroord/nld@2022;1" wId="gm1911_1__cmp_I__content_o_1__list_o_1__item_o_3__ref_o_1">/join/id/regdata/gm1911/2022/Verspreide_huizen_Kreileroord/nld@2022;1</ExtIoRef></Al>
		    </Definitie>
		  </Begrip>
		  <Begrip eId="cmp_I__content_o_1__list_o_1__item_o_4" wId="gm1911_1__cmp_I__content_o_1__list_o_1__item_o_4">
		    <Term>Verspreide huizen Middenmeer</Term>
		    <Definitie>
		      <Al><ExtIoRef eId="cmp_I__content_o_1__list_o_1__item_o_4__ref_o_1" ref="/join/id/regdata/gm1911/2022/Verspreide_huizen_Middenmeer/nld@2022;1" wId="gm1911_1__cmp_I__content_o_1__list_o_1__item_o_4__ref_o_1">/join/id/regdata/gm1911/2022/Verspreide_huizen_Middenmeer/nld@2022;1</ExtIoRef></Al>
		    </Definitie>
		  </Begrip>
		  <Begrip eId="cmp_I__content_o_1__list_o_1__item_o_5" wId="gm1911_1__cmp_I__content_o_1__list_o_1__item_o_5">
		    <Term>Verspreide huizen Slootdorp</Term>
		    <Definitie>
		      <Al><ExtIoRef eId="cmp_I__content_o_1__list_o_1__item_o_5__ref_o_1" ref="/join/id/regdata/gm1911/2022/Verspreide_huizen_Slootdorp/nld@2022;1" wId="gm1911_1__cmp_I__content_o_1__list_o_1__item_o_5__ref_o_1">/join/id/regdata/gm1911/2022/Verspreide_huizen_Slootdorp/nld@2022;1</ExtIoRef></Al>
		    </Definitie>
		  </Begrip>
		  <Begrip eId="cmp_I__content_o_1__list_o_1__item_o_6" wId="gm1911_1__cmp_I__content_o_1__list_o_1__item_o_6">
		    <Term>Verspreide huizen Wieringerwerf</Term>
		    <Definitie>
		      <Al><ExtIoRef eId="cmp_I__content_o_1__list_o_1__item_o_6__ref_o_1" ref="/join/id/regdata/gm1911/2022/Verspreide_huizen_Wieringerwerf/nld@2022;1" wId="gm1911_1__cmp_I__content_o_1__list_o_1__item_o_6__ref_o_1">/join/id/regdata/gm1911/2022/Verspreide_huizen_Wieringerwerf/nld@2022;1</ExtIoRef></Al>
		    </Definitie>
		  </Begrip>
		</Begrippenlijst>
	      </Inhoud>
	    </Divisietekst>
	  </Bijlage>
	</tekst:RegelingVrijetekst>
      </lvbbu:RegelingVersie>
      <lvbbu:AnnotatieBijProefversie>
	<data:ExpressionIdentificatie xmlns:data="https://standaarden.overheid.nl/stop/imop/data/">
	  <data:FRBRWork>/akn/nl/act/gm1911/2022/TijdreisPlanVrijetekststructuur</data:FRBRWork>
	  <data:FRBRExpression>/akn/nl/act/gm1911/2022/TijdreisPlanVrijetekststructuur/nld@2;ontwerp</data:FRBRExpression>
	  <data:soortWork>/join/id/stop/work_019</data:soortWork>
	</data:ExpressionIdentificatie>
	<data:RegelingMetadata xmlns:data="https://standaarden.overheid.nl/stop/imop/data/">
	  <data:heeftCiteertitelInformatie>
	    <data:CiteertitelInformatie>
	      <data:citeertitel>Tijdreisplan (HollandsKroon - vrijetekst)</data:citeertitel>
	      <data:isOfficieel>true</data:isOfficieel>
	    </data:CiteertitelInformatie>
	  </data:heeftCiteertitelInformatie>
	  <data:eindverantwoordelijke>/tooi/id/gemeente/gm1911</data:eindverantwoordelijke>
	  <data:maker>/tooi/id/gemeente/gm1911</data:maker>
	  <data:officieleTitel>Tijdreisplan (HollandsKroon - vrijetekst)</data:officieleTitel>
	  <data:onderwerpen>
	    <data:onderwerp>/tooi/def/concept/c_9d1917e9</data:onderwerp>
	  </data:onderwerpen>
	  <data:rechtsgebieden>
	    <data:rechtsgebied>/tooi/def/concept/c_8ad05f6d</data:rechtsgebied>
	  </data:rechtsgebieden>
	  <data:soortRegeling>/join/id/stop/regelingtype_003</data:soortRegeling>
	  <data:soortBestuursorgaan>/tooi/def/thes/kern/c_2a7d8663</data:soortBestuursorgaan>
	</data:RegelingMetadata>
      </lvbbu:AnnotatieBijProefversie>
    </lvbbu:UitleveringProefversieBesluit>