<?xml version="1.0" encoding="UTF-8"?>
<ow-dc:owBestand xsi:schemaLocation="http://www.geostandaarden.nl/imow/bestanden/deelbestand https://register.geostandaarden.nl/xmlschema/tpod/v2.0.0/bestanden-ow/deelbestand-ow/IMOW_Deelbestand.xsd" xmlns:xsi="http://www.w3.org/2001/XMLSchema-instance" xmlns:xlink="http://www.w3.org/1999/xlink" xmlns:ga="http://www.geostandaarden.nl/imow/gebiedsaanwijzing" xmlns:da="http://www.geostandaarden.nl/imow/datatypenalgemeen" xmlns:sl="http://www.geostandaarden.nl/bestanden-ow/standlevering-generiek" xmlns:ow-dc="http://www.geostandaarden.nl/imow/bestanden/deelbestand" xmlns:ow="http://www.geostandaarden.nl/imow/owobject" xmlns:rol="http://www.geostandaarden.nl/imow/regelsoplocatie" xmlns:rg="http://www.geostandaarden.nl/imow/regelingsgebied" xmlns:p="http://www.geostandaarden.nl/imow/pons" xmlns:l="http://www.geostandaarden.nl/imow/locatie" xmlns:r="http://www.geostandaarden.nl/imow/regels" xmlns:k="http://www.geostandaarden.nl/imow/kaart" xmlns:s="http://www.geostandaarden.nl/imow/symbolisatie" xmlns:op="http://www.geostandaarden.nl/imow/opobject" xmlns:vt="http://www.geostandaarden.nl/imow/vrijetekst">
   <sl:standBestand>
      <sl:dataset>TijdreizenInHollandsKroon</sl:dataset>
      <sl:inhoud>
         <sl:gebied>Amsterdam</sl:gebied>
         <sl:leveringsId>Kadaster-Tijdreizen-initieel_001</sl:leveringsId>
         <sl:objectTypen>
            <!--            <sl:objectType>Ambtsgebied</sl:objectType>-->
            <sl:objectType>Gebied</sl:objectType>
            <sl:objectType>Gebiedengroep</sl:objectType>
         </sl:objectTypen>
      </sl:inhoud>
      <sl:stand>
         <ow-dc:owObject>
            <l:Gebiedengroep>
               <!--naamwijzigen-->
               <l:identificatie>nl.imow-gm1911.gebiedengroep.BuitengebiedWieringerwaard</l:identificatie>
               <l:noemer>Buitengebied Wieringerwaard [naam aangepast]</l:noemer>
               <l:groepselement>
                  <l:GebiedRef xlink:href="nl.imow-gm1911.gebied.BuitengebiedWieringerwaard"/>
               </l:groepselement>
            </l:Gebiedengroep>
         </ow-dc:owObject>
      </sl:stand>
      <sl:stand>
         <ow-dc:owObject>
            <l:Gebied>
               <!--locatiewijzigen-->
               <l:identificatie>nl.imow-gm1911.gebied.Oostpolder</l:identificatie>
               <l:geometrie>
                  <l:GeometrieRef xlink:href="ff264d99-8576-46d2-9f5d-d1bb897f31b4"/>
               </l:geometrie>
            </l:Gebied>
         </ow-dc:owObject>
      </sl:stand>
           <sl:stand>
         <ow-dc:owObject>
            <l:Gebiedengroep>
               <!--beëindigen-->
               <ow:status>beëindigen</ow:status>
               <l:identificatie>nl.imow-gm1911.gebiedengroep.VerspreideHuizenWieringerwerf</l:identificatie>
               <l:noemer>Verspreide huizen Wieringerwerf</l:noemer>
               <l:groepselement>
                  <l:GebiedRef xlink:href="nl.imow-gm1911.gebied.VerspreideHuizenWieringerwerf"/>
               </l:groepselement>
            </l:Gebiedengroep>
         </ow-dc:owObject>
      </sl:stand>
      <sl:stand>
         <ow-dc:owObject>
            <l:Gebied>
               <!--beëindigen-->
               <ow:status>beëindigen</ow:status>
               <l:identificatie>nl.imow-gm1911.gebied.VerspreideHuizenWieringerwerf</l:identificatie>
               <l:geometrie>
                  <l:GeometrieRef xlink:href="53c7e086-3f3e-46bb-89d8-7e9bed95819c"/>
               </l:geometrie>
            </l:Gebied>
         </ow-dc:owObject>
      </sl:stand>
   </sl:standBestand>
</ow-dc:owBestand>
