<?xml version="1.0" encoding="UTF-8"?><lvbb:manifest xmlns:lvbb="http://www.overheid.nl/2017/lvbb"><lvbb:bestand><lvbb:bestandsnaam>consolidaties.xml</lvbb:bestandsnaam><lvbb:contentType>application/xml</lvbb:contentType></lvbb:bestand><lvbb:bestand><lvbb:bestandsnaam>HK_owGebiedsaanwijzing.xml</lvbb:bestandsnaam><lvbb:contentType>application/xml</lvbb:contentType></lvbb:bestand><lvbb:bestand><lvbb:bestandsnaam>HK_owTekstdeel.xml</lvbb:bestandsnaam><lvbb:contentType>application/xml</lvbb:contentType></lvbb:bestand><lvbb:bestand><lvbb:bestandsnaam>HK_owHoofdlijn.xml</lvbb:bestandsnaam><lvbb:contentType>application/xml</lvbb:contentType></lvbb:bestand><lvbb:bestand><lvbb:bestandsnaam>manifest-ow.xml</lvbb:bestandsnaam><lvbb:contentType>application/xml</lvbb:contentType></lvbb:bestand><lvbb:bestand><lvbb:bestandsnaam>53c7e086-3f3e-46bb-89d8-7e9bed95819c.gml</lvbb:bestandsnaam><lvbb:contentType>application/xml</lvbb:contentType></lvbb:bestand><lvbb:bestand><lvbb:bestandsnaam>ff264d99-8576-46d2-9f5d-d1bb897f31b4.gml</lvbb:bestandsnaam><lvbb:contentType>application/xml</lvbb:contentType></lvbb:bestand><lvbb:bestand><lvbb:bestandsnaam>HK_owKaart.xml</lvbb:bestandsnaam><lvbb:contentType>application/xml</lvbb:contentType></lvbb:bestand><lvbb:bestand><lvbb:bestandsnaam>HK_owLocatie.xml</lvbb:bestandsnaam><lvbb:contentType>application/xml</lvbb:contentType></lvbb:bestand><lvbb:bestand><lvbb:bestandsnaam>HK_owRegelingsgebied.xml</lvbb:bestandsnaam><lvbb:contentType>application/xml</lvbb:contentType></lvbb:bestand><lvbb:bestand><lvbb:bestandsnaam>manifest-bhkv.xml</lvbb:bestandsnaam><lvbb:contentType>application/xml</lvbb:contentType></lvbb:bestand><lvbb:bestand><lvbb:bestandsnaam>manifest.xml</lvbb:bestandsnaam><lvbb:contentType>application/xml</lvbb:contentType></lvbb:bestand></lvbb:manifest>