<?xml version="1.0" encoding="UTF-8"?><mow:Aanleveringen xmlns:mow="http://www.geostandaarden.nl/bestanden-ow/manifest-ow">
      <mow:domein>omgevingswet</mow:domein>
      <mow:Aanlevering>
	<mow:WorkIDRegeling>/akn/nl/act/gm1911/2022/TijdreisPlanVrijetekststructuur</mow:WorkIDRegeling>
	<mow:DoelID>/join/id/proces/gm1911/2022/Wijziging</mow:DoelID>
	<mow:Bestand>
	  <mow:naam>53c7e086-3f3e-46bb-89d8-7e9bed95819c.gml</mow:naam>
	  <mow:objecttype>Geometrie</mow:objecttype>
	</mow:Bestand>
	<mow:Bestand>
	  <mow:naam>ff264d99-8576-46d2-9f5d-d1bb897f31b4.gml</mow:naam>
	  <mow:objecttype>Geometrie</mow:objecttype>
	</mow:Bestand>
      </mow:Aanlevering>
    </mow:Aanleveringen>