<?xml version="1.0" encoding="UTF-8"?><mow:Aanleveringen xmlns:mow="http://www.geostandaarden.nl/bestanden-ow/manifest-ow">
      <mow:domein>omgevingswet</mow:domein>
      <mow:Aanlevering>
	<mow:WorkIDRegeling>/akn/nl/act/gm1911/2022/TijdreisPlanVrijetekststructuurNieuw</mow:WorkIDRegeling>
	<mow:DoelID>/join/id/proces/gm1911/2022/IntrekkenVervangen</mow:DoelID>
	<mow:Bestand>
	  <mow:naam>8d3e9f11-cd04-4b3d-810a-85efdd095446.gml</mow:naam>
	  <mow:objecttype>Geometrie</mow:objecttype>
	</mow:Bestand>
      </mow:Aanlevering>
    </mow:Aanleveringen>