<?xml version="1.0" encoding="UTF-8"?>
<ow-dc:owBestand xsi:schemaLocation="http://www.geostandaarden.nl/imow/bestanden/deelbestand https://register.geostandaarden.nl/xmlschema/tpod/v2.0.0/bestanden-ow/deelbestand-ow/IMOW_Deelbestand.xsd" xmlns:xsi="http://www.w3.org/2001/XMLSchema-instance" xmlns:xlink="http://www.w3.org/1999/xlink" xmlns:ga="http://www.geostandaarden.nl/imow/gebiedsaanwijzing" xmlns:da="http://www.geostandaarden.nl/imow/datatypenalgemeen" xmlns:sl="http://www.geostandaarden.nl/bestanden-ow/standlevering-generiek" xmlns:ow-dc="http://www.geostandaarden.nl/imow/bestanden/deelbestand" xmlns:ow="http://www.geostandaarden.nl/imow/owobject" xmlns:rol="http://www.geostandaarden.nl/imow/regelsoplocatie" xmlns:rg="http://www.geostandaarden.nl/imow/regelingsgebied" xmlns:p="http://www.geostandaarden.nl/imow/pons" xmlns:l="http://www.geostandaarden.nl/imow/locatie" xmlns:r="http://www.geostandaarden.nl/imow/regels" xmlns:k="http://www.geostandaarden.nl/imow/kaart" xmlns:s="http://www.geostandaarden.nl/imow/symbolisatie" xmlns:op="http://www.geostandaarden.nl/imow/opobject" xmlns:vt="http://www.geostandaarden.nl/imow/vrijetekst">
 <sl:standBestand>
  <sl:dataset>irrelevant</sl:dataset>
  <sl:inhoud>
   <sl:gebied>irrelevant</sl:gebied>
   <sl:leveringsId>irrelevant</sl:leveringsId>
   <sl:objectTypen>
    <sl:objectType>Tekstdeel</sl:objectType>
   </sl:objectTypen>
  </sl:inhoud>
  <sl:stand><ow-dc:owObject><vt:Tekstdeel><vt:identificatie>nl.imow-gm1911.tekstdeel.chp2subchp2p1</vt:identificatie><vt:idealisatie>http://standaarden.omgevingswet.overheid.nl/idealisatie/id/concept/Exact</vt:idealisatie><vt:divisieaanduiding><vt:DivisieRef xlink:href="nl.imow-gm1911.divisie.chp2subchp2p1"/></vt:divisieaanduiding><vt:hoofdlijnaanduiding><vt:HoofdlijnRef xlink:href="nl.imow-gm1911.hoofdlijn.Ongewijzigd"/></vt:hoofdlijnaanduiding><vt:locatieaanduiding><l:LocatieRef xlink:href="nl.imow-gm1911.ambtsgebied.kadastertest"/></vt:locatieaanduiding></vt:Tekstdeel></ow-dc:owObject></sl:stand>
  <sl:stand><ow-dc:owObject><vt:Tekstdeel><vt:identificatie>nl.imow-gm1911.tekstdeel.chp2subchp2p2</vt:identificatie><vt:idealisatie>http://standaarden.omgevingswet.overheid.nl/idealisatie/id/concept/Exact</vt:idealisatie><vt:divisieaanduiding><vt:DivisieRef xlink:href="nl.imow-gm1911.divisie.chp2subchp2p2"/></vt:divisieaanduiding><vt:hoofdlijnaanduiding><vt:HoofdlijnRef xlink:href="nl.imow-gm1911.hoofdlijn.NaamWijziging"/></vt:hoofdlijnaanduiding><vt:locatieaanduiding><l:LocatieRef xlink:href="nl.imow-gm1911.gebiedengroep.BuitengebiedWieringerwaard"/></vt:locatieaanduiding></vt:Tekstdeel></ow-dc:owObject></sl:stand>
  <sl:stand><ow-dc:owObject><vt:Tekstdeel><vt:identificatie>nl.imow-gm1911.tekstdeel.chp2subchp2p3</vt:identificatie><vt:idealisatie>http://standaarden.omgevingswet.overheid.nl/idealisatie/id/concept/Exact</vt:idealisatie><vt:divisieaanduiding><vt:DivisieRef xlink:href="nl.imow-gm1911.divisie.chp2subchp2p3"/></vt:divisieaanduiding><vt:hoofdlijnaanduiding><vt:HoofdlijnRef xlink:href="nl.imow-gm1911.hoofdlijn.LocatieWijziging"/></vt:hoofdlijnaanduiding><vt:locatieaanduiding><l:LocatieRef xlink:href="nl.imow-gm1911.gebiedengroep.Oostpolder"/></vt:locatieaanduiding></vt:Tekstdeel></ow-dc:owObject></sl:stand>
  <sl:stand><ow-dc:owObject><vt:Tekstdeel><vt:identificatie>nl.imow-gm1911.tekstdeel.chp2subchp2p4</vt:identificatie><vt:idealisatie>http://standaarden.omgevingswet.overheid.nl/idealisatie/id/concept/Exact</vt:idealisatie><vt:divisieaanduiding><vt:DivisieRef xlink:href="nl.imow-gm1911.divisie.chp2subchp2p4"/></vt:divisieaanduiding><vt:hoofdlijnaanduiding><vt:HoofdlijnRef xlink:href="nl.imow-gm1911.hoofdlijn.Beeindiging"/></vt:hoofdlijnaanduiding><vt:locatieaanduiding><l:LocatieRef xlink:href="nl.imow-gm1911.gebiedengroep.VerspreideHuizenWieringerwerf"/></vt:locatieaanduiding></vt:Tekstdeel></ow-dc:owObject></sl:stand>
  <sl:stand><ow-dc:owObject><vt:Tekstdeel><vt:identificatie>nl.imow-gm1911.tekstdeel.chp2subchp2p5</vt:identificatie><vt:idealisatie>http://standaarden.omgevingswet.overheid.nl/idealisatie/id/concept/Exact</vt:idealisatie><vt:divisieaanduiding><vt:DivisieRef xlink:href="nl.imow-gm1911.divisie.chp2subchp2p5"/></vt:divisieaanduiding><vt:hoofdlijnaanduiding><vt:HoofdlijnRef xlink:href="nl.imow-gm1911.hoofdlijn.IntrekkenVervangen"/></vt:hoofdlijnaanduiding><vt:locatieaanduiding><l:LocatieRef xlink:href="nl.imow-gm1911.gebiedengroep.VerspreideHuizenKreileroord"/></vt:locatieaanduiding></vt:Tekstdeel></ow-dc:owObject></sl:stand>
  <sl:stand><ow-dc:owObject><vt:Tekstdeel><vt:identificatie>nl.imow-gm1911.tekstdeel.chp2subchp2p6</vt:identificatie><vt:idealisatie>http://standaarden.omgevingswet.overheid.nl/idealisatie/id/concept/Exact</vt:idealisatie><vt:divisieaanduiding><vt:DivisieRef xlink:href="nl.imow-gm1911.divisie.chp2subchp2p6"/></vt:divisieaanduiding><vt:hoofdlijnaanduiding><vt:HoofdlijnRef xlink:href="nl.imow-gm1911.hoofdlijn.BeeindigingNavIntrVerv"/></vt:hoofdlijnaanduiding><vt:locatieaanduiding><l:LocatieRef xlink:href="nl.imow-gm1911.gebiedengroep.VerspreideHuizenMiddenmeer"/></vt:locatieaanduiding></vt:Tekstdeel></ow-dc:owObject></sl:stand>
  <sl:stand><ow-dc:owObject><vt:Tekstdeel><vt:identificatie>nl.imow-gm1911.tekstdeel.chp2subchp2p7</vt:identificatie><vt:idealisatie>http://standaarden.omgevingswet.overheid.nl/idealisatie/id/concept/Exact</vt:idealisatie><vt:divisieaanduiding><vt:DivisieRef xlink:href="nl.imow-gm1911.divisie.chp2subchp2p7"/></vt:divisieaanduiding><vt:hoofdlijnaanduiding><vt:HoofdlijnRef xlink:href="nl.imow-gm1911.hoofdlijn.Herleven"/></vt:hoofdlijnaanduiding><vt:locatieaanduiding><l:LocatieRef xlink:href="nl.imow-gm1911.gebiedengroep.VerspreideHuizenSlootdorp"/></vt:locatieaanduiding></vt:Tekstdeel></ow-dc:owObject></sl:stand>
  <sl:stand><ow-dc:owObject><vt:Tekstdeel><vt:identificatie>nl.imow-gm1911.tekstdeel.chp3subchp3p1</vt:identificatie><vt:idealisatie>http://standaarden.omgevingswet.overheid.nl/idealisatie/id/concept/Exact</vt:idealisatie><vt:divisieaanduiding><vt:DivisietekstRef xlink:href="nl.imow-gm1911.divisietekst.chp3subchp3p1"/></vt:divisieaanduiding><vt:hoofdlijnaanduiding><vt:HoofdlijnRef xlink:href="nl.imow-gm1911.hoofdlijn.Ongewijzigd"/></vt:hoofdlijnaanduiding><vt:locatieaanduiding><l:LocatieRef xlink:href="nl.imow-gm1911.ambtsgebied.kadastertest"/></vt:locatieaanduiding></vt:Tekstdeel></ow-dc:owObject></sl:stand>
  <sl:stand><ow-dc:owObject><vt:Tekstdeel><vt:identificatie>nl.imow-gm1911.tekstdeel.chp3subchp3p2</vt:identificatie><vt:idealisatie>http://standaarden.omgevingswet.overheid.nl/idealisatie/id/concept/Exact</vt:idealisatie><vt:divisieaanduiding><vt:DivisietekstRef xlink:href="nl.imow-gm1911.divisietekst.chp3subchp3p2"/></vt:divisieaanduiding><vt:hoofdlijnaanduiding><vt:HoofdlijnRef xlink:href="nl.imow-gm1911.hoofdlijn.NaamWijziging"/></vt:hoofdlijnaanduiding><vt:locatieaanduiding><l:LocatieRef xlink:href="nl.imow-gm1911.gebiedengroep.BuitengebiedWieringerwaard"/></vt:locatieaanduiding></vt:Tekstdeel></ow-dc:owObject></sl:stand>
  <sl:stand><ow-dc:owObject><vt:Tekstdeel><vt:identificatie>nl.imow-gm1911.tekstdeel.chp3subchp3p3</vt:identificatie><vt:idealisatie>http://standaarden.omgevingswet.overheid.nl/idealisatie/id/concept/Exact</vt:idealisatie><vt:divisieaanduiding><vt:DivisietekstRef xlink:href="nl.imow-gm1911.divisietekst.chp3subchp3p3"/></vt:divisieaanduiding><vt:hoofdlijnaanduiding><vt:HoofdlijnRef xlink:href="nl.imow-gm1911.hoofdlijn.LocatieWijziging"/></vt:hoofdlijnaanduiding><vt:locatieaanduiding><l:LocatieRef xlink:href="nl.imow-gm1911.gebiedengroep.Oostpolder"/></vt:locatieaanduiding></vt:Tekstdeel></ow-dc:owObject></sl:stand>
  <sl:stand><ow-dc:owObject><vt:Tekstdeel><vt:identificatie>nl.imow-gm1911.tekstdeel.chp3subchp3p4</vt:identificatie><vt:idealisatie>http://standaarden.omgevingswet.overheid.nl/idealisatie/id/concept/Exact</vt:idealisatie><vt:divisieaanduiding><vt:DivisietekstRef xlink:href="nl.imow-gm1911.divisietekst.chp3subchp3p4"/></vt:divisieaanduiding><vt:hoofdlijnaanduiding><vt:HoofdlijnRef xlink:href="nl.imow-gm1911.hoofdlijn.Beeindiging"/></vt:hoofdlijnaanduiding><vt:locatieaanduiding><l:LocatieRef xlink:href="nl.imow-gm1911.gebiedengroep.VerspreideHuizenWieringerwerf"/></vt:locatieaanduiding></vt:Tekstdeel></ow-dc:owObject></sl:stand>
  <sl:stand><ow-dc:owObject><vt:Tekstdeel><vt:identificatie>nl.imow-gm1911.tekstdeel.chp3subchp3p5</vt:identificatie><vt:idealisatie>http://standaarden.omgevingswet.overheid.nl/idealisatie/id/concept/Exact</vt:idealisatie><vt:divisieaanduiding><vt:DivisietekstRef xlink:href="nl.imow-gm1911.divisietekst.chp3subchp3p5"/></vt:divisieaanduiding><vt:hoofdlijnaanduiding><vt:HoofdlijnRef xlink:href="nl.imow-gm1911.hoofdlijn.IntrekkenVervangen"/></vt:hoofdlijnaanduiding><vt:locatieaanduiding><l:LocatieRef xlink:href="nl.imow-gm1911.gebiedengroep.VerspreideHuizenKreileroord"/></vt:locatieaanduiding></vt:Tekstdeel></ow-dc:owObject></sl:stand>
  <sl:stand><ow-dc:owObject><vt:Tekstdeel><vt:identificatie>nl.imow-gm1911.tekstdeel.chp3subchp3p6</vt:identificatie><vt:idealisatie>http://standaarden.omgevingswet.overheid.nl/idealisatie/id/concept/Exact</vt:idealisatie><vt:divisieaanduiding><vt:DivisietekstRef xlink:href="nl.imow-gm1911.divisietekst.chp3subchp3p6"/></vt:divisieaanduiding><vt:hoofdlijnaanduiding><vt:HoofdlijnRef xlink:href="nl.imow-gm1911.hoofdlijn.BeeindigingNavIntrVerv"/></vt:hoofdlijnaanduiding><vt:locatieaanduiding><l:LocatieRef xlink:href="nl.imow-gm1911.gebiedengroep.VerspreideHuizenMiddenmeer"/></vt:locatieaanduiding></vt:Tekstdeel></ow-dc:owObject></sl:stand>
  <sl:stand><ow-dc:owObject><vt:Tekstdeel><vt:identificatie>nl.imow-gm1911.tekstdeel.chp3subchp3p7</vt:identificatie><vt:idealisatie>http://standaarden.omgevingswet.overheid.nl/idealisatie/id/concept/Exact</vt:idealisatie><vt:divisieaanduiding><vt:DivisietekstRef xlink:href="nl.imow-gm1911.divisietekst.chp3subchp3p7"/></vt:divisieaanduiding><vt:hoofdlijnaanduiding><vt:HoofdlijnRef xlink:href="nl.imow-gm1911.hoofdlijn.Herleven"/></vt:hoofdlijnaanduiding><vt:locatieaanduiding><l:LocatieRef xlink:href="nl.imow-gm1911.gebiedengroep.VerspreideHuizenSlootdorp"/></vt:locatieaanduiding></vt:Tekstdeel></ow-dc:owObject></sl:stand>
  <sl:stand><ow-dc:owObject><vt:Tekstdeel><vt:identificatie>nl.imow-gm1911.tekstdeel.chp4subchp4p1</vt:identificatie><vt:idealisatie>http://standaarden.omgevingswet.overheid.nl/idealisatie/id/concept/Exact</vt:idealisatie><vt:divisieaanduiding><vt:DivisieRef xlink:href="nl.imow-gm1911.divisie.chp4subchp4p1"/></vt:divisieaanduiding><vt:hoofdlijnaanduiding><vt:HoofdlijnRef xlink:href="nl.imow-gm1911.hoofdlijn.Ongewijzigd"/></vt:hoofdlijnaanduiding><vt:locatieaanduiding><l:LocatieRef xlink:href="nl.imow-gm1911.ambtsgebied.kadastertest"/></vt:locatieaanduiding></vt:Tekstdeel></ow-dc:owObject></sl:stand>
  <sl:stand><ow-dc:owObject><vt:Tekstdeel><vt:identificatie>nl.imow-gm1911.tekstdeel.chp4subchp4p2</vt:identificatie><vt:idealisatie>http://standaarden.omgevingswet.overheid.nl/idealisatie/id/concept/Exact</vt:idealisatie><vt:divisieaanduiding><vt:DivisieRef xlink:href="nl.imow-gm1911.divisie.chp4subchp4p2"/></vt:divisieaanduiding><vt:hoofdlijnaanduiding><vt:HoofdlijnRef xlink:href="nl.imow-gm1911.hoofdlijn.NaamWijziging"/></vt:hoofdlijnaanduiding><vt:locatieaanduiding><l:LocatieRef xlink:href="nl.imow-gm1911.gebiedengroep.BuitengebiedWieringerwaard"/></vt:locatieaanduiding></vt:Tekstdeel></ow-dc:owObject></sl:stand>
  <sl:stand><ow-dc:owObject><vt:Tekstdeel><vt:identificatie>nl.imow-gm1911.tekstdeel.chp4subchp4p3</vt:identificatie><vt:idealisatie>http://standaarden.omgevingswet.overheid.nl/idealisatie/id/concept/Exact</vt:idealisatie><vt:divisieaanduiding><vt:DivisieRef xlink:href="nl.imow-gm1911.divisie.chp4subchp4p3"/></vt:divisieaanduiding><vt:hoofdlijnaanduiding><vt:HoofdlijnRef xlink:href="nl.imow-gm1911.hoofdlijn.LocatieWijziging"/></vt:hoofdlijnaanduiding><vt:locatieaanduiding><l:LocatieRef xlink:href="nl.imow-gm1911.gebiedengroep.Oostpolder"/></vt:locatieaanduiding></vt:Tekstdeel></ow-dc:owObject></sl:stand>
  <sl:stand><ow-dc:owObject><vt:Tekstdeel><vt:identificatie>nl.imow-gm1911.tekstdeel.chp4subchp4p4</vt:identificatie><vt:idealisatie>http://standaarden.omgevingswet.overheid.nl/idealisatie/id/concept/Exact</vt:idealisatie><vt:divisieaanduiding><vt:DivisieRef xlink:href="nl.imow-gm1911.divisie.chp4subchp4p4"/></vt:divisieaanduiding><vt:hoofdlijnaanduiding><vt:HoofdlijnRef xlink:href="nl.imow-gm1911.hoofdlijn.Beeindiging"/></vt:hoofdlijnaanduiding><vt:locatieaanduiding><l:LocatieRef xlink:href="nl.imow-gm1911.gebiedengroep.VerspreideHuizenWieringerwerf"/></vt:locatieaanduiding></vt:Tekstdeel></ow-dc:owObject></sl:stand>
  <sl:stand><ow-dc:owObject><vt:Tekstdeel><vt:identificatie>nl.imow-gm1911.tekstdeel.chp4subchp4p5</vt:identificatie><vt:idealisatie>http://standaarden.omgevingswet.overheid.nl/idealisatie/id/concept/Exact</vt:idealisatie><vt:divisieaanduiding><vt:DivisieRef xlink:href="nl.imow-gm1911.divisie.chp4subchp4p5"/></vt:divisieaanduiding><vt:hoofdlijnaanduiding><vt:HoofdlijnRef xlink:href="nl.imow-gm1911.hoofdlijn.IntrekkenVervangen"/></vt:hoofdlijnaanduiding><vt:locatieaanduiding><l:LocatieRef xlink:href="nl.imow-gm1911.gebiedengroep.VerspreideHuizenKreileroord"/></vt:locatieaanduiding></vt:Tekstdeel></ow-dc:owObject></sl:stand>
  <sl:stand><ow-dc:owObject><vt:Tekstdeel><vt:identificatie>nl.imow-gm1911.tekstdeel.chp4subchp4p6</vt:identificatie><vt:idealisatie>http://standaarden.omgevingswet.overheid.nl/idealisatie/id/concept/Exact</vt:idealisatie><vt:divisieaanduiding><vt:DivisieRef xlink:href="nl.imow-gm1911.divisie.chp4subchp4p6"/></vt:divisieaanduiding><vt:hoofdlijnaanduiding><vt:HoofdlijnRef xlink:href="nl.imow-gm1911.hoofdlijn.BeeindigingNavIntrVerv"/></vt:hoofdlijnaanduiding><vt:locatieaanduiding><l:LocatieRef xlink:href="nl.imow-gm1911.gebiedengroep.VerspreideHuizenMiddenmeer"/></vt:locatieaanduiding></vt:Tekstdeel></ow-dc:owObject></sl:stand>
  <sl:stand><ow-dc:owObject><vt:Tekstdeel><vt:identificatie>nl.imow-gm1911.tekstdeel.chp4subchp4p7</vt:identificatie><vt:idealisatie>http://standaarden.omgevingswet.overheid.nl/idealisatie/id/concept/Exact</vt:idealisatie><vt:divisieaanduiding><vt:DivisieRef xlink:href="nl.imow-gm1911.divisie.chp4subchp4p7"/></vt:divisieaanduiding><vt:hoofdlijnaanduiding><vt:HoofdlijnRef xlink:href="nl.imow-gm1911.hoofdlijn.Herleven"/></vt:hoofdlijnaanduiding><vt:locatieaanduiding><l:LocatieRef xlink:href="nl.imow-gm1911.gebiedengroep.VerspreideHuizenSlootdorp"/></vt:locatieaanduiding></vt:Tekstdeel></ow-dc:owObject></sl:stand>
  <sl:stand><ow-dc:owObject><vt:Tekstdeel><vt:identificatie>nl.imow-gm1911.tekstdeel.chp5subchp5p1</vt:identificatie><vt:idealisatie>http://standaarden.omgevingswet.overheid.nl/idealisatie/id/concept/Exact</vt:idealisatie><vt:divisieaanduiding><vt:DivisieRef xlink:href="nl.imow-gm1911.divisie.chp5subchp5p1"/></vt:divisieaanduiding><vt:hoofdlijnaanduiding><vt:HoofdlijnRef xlink:href="nl.imow-gm1911.hoofdlijn.Ongewijzigd"/></vt:hoofdlijnaanduiding><vt:locatieaanduiding><l:LocatieRef xlink:href="nl.imow-gm1911.ambtsgebied.kadastertest"/></vt:locatieaanduiding></vt:Tekstdeel></ow-dc:owObject></sl:stand>
  <sl:stand><ow-dc:owObject><vt:Tekstdeel><vt:identificatie>nl.imow-gm1911.tekstdeel.chp5subchp5p2</vt:identificatie><vt:idealisatie>http://standaarden.omgevingswet.overheid.nl/idealisatie/id/concept/Exact</vt:idealisatie><vt:divisieaanduiding><vt:DivisieRef xlink:href="nl.imow-gm1911.divisie.chp5subchp5p2"/></vt:divisieaanduiding><vt:hoofdlijnaanduiding><vt:HoofdlijnRef xlink:href="nl.imow-gm1911.hoofdlijn.NaamWijziging"/></vt:hoofdlijnaanduiding><vt:locatieaanduiding><l:LocatieRef xlink:href="nl.imow-gm1911.gebiedengroep.BuitengebiedWieringerwaard"/></vt:locatieaanduiding></vt:Tekstdeel></ow-dc:owObject></sl:stand>
  <sl:stand><ow-dc:owObject><vt:Tekstdeel><vt:identificatie>nl.imow-gm1911.tekstdeel.chp5subchp5p3</vt:identificatie><vt:idealisatie>http://standaarden.omgevingswet.overheid.nl/idealisatie/id/concept/Exact</vt:idealisatie><vt:divisieaanduiding><vt:DivisieRef xlink:href="nl.imow-gm1911.divisie.chp5subchp5p3"/></vt:divisieaanduiding><vt:hoofdlijnaanduiding><vt:HoofdlijnRef xlink:href="nl.imow-gm1911.hoofdlijn.LocatieWijziging"/></vt:hoofdlijnaanduiding><vt:locatieaanduiding><l:LocatieRef xlink:href="nl.imow-gm1911.gebiedengroep.Oostpolder"/></vt:locatieaanduiding></vt:Tekstdeel></ow-dc:owObject></sl:stand>
  <sl:stand><ow-dc:owObject><vt:Tekstdeel><vt:identificatie>nl.imow-gm1911.tekstdeel.chp5subchp5p4</vt:identificatie><vt:idealisatie>http://standaarden.omgevingswet.overheid.nl/idealisatie/id/concept/Exact</vt:idealisatie><vt:divisieaanduiding><vt:DivisieRef xlink:href="nl.imow-gm1911.divisie.chp5subchp5p4"/></vt:divisieaanduiding><vt:hoofdlijnaanduiding><vt:HoofdlijnRef xlink:href="nl.imow-gm1911.hoofdlijn.Beeindiging"/></vt:hoofdlijnaanduiding><vt:locatieaanduiding><l:LocatieRef xlink:href="nl.imow-gm1911.gebiedengroep.VerspreideHuizenWieringerwerf"/></vt:locatieaanduiding></vt:Tekstdeel></ow-dc:owObject></sl:stand>
  <sl:stand><ow-dc:owObject><vt:Tekstdeel><vt:identificatie>nl.imow-gm1911.tekstdeel.chp5subchp5p5</vt:identificatie><vt:idealisatie>http://standaarden.omgevingswet.overheid.nl/idealisatie/id/concept/Exact</vt:idealisatie><vt:divisieaanduiding><vt:DivisieRef xlink:href="nl.imow-gm1911.divisie.chp5subchp5p5"/></vt:divisieaanduiding><vt:hoofdlijnaanduiding><vt:HoofdlijnRef xlink:href="nl.imow-gm1911.hoofdlijn.IntrekkenVervangen"/></vt:hoofdlijnaanduiding><vt:locatieaanduiding><l:LocatieRef xlink:href="nl.imow-gm1911.gebiedengroep.VerspreideHuizenKreileroord"/></vt:locatieaanduiding></vt:Tekstdeel></ow-dc:owObject></sl:stand>
  <sl:stand><ow-dc:owObject><vt:Tekstdeel><vt:identificatie>nl.imow-gm1911.tekstdeel.chp5subchp5p6</vt:identificatie><vt:idealisatie>http://standaarden.omgevingswet.overheid.nl/idealisatie/id/concept/Exact</vt:idealisatie><vt:divisieaanduiding><vt:DivisieRef xlink:href="nl.imow-gm1911.divisie.chp5subchp5p6"/></vt:divisieaanduiding><vt:hoofdlijnaanduiding><vt:HoofdlijnRef xlink:href="nl.imow-gm1911.hoofdlijn.BeeindigingNavIntrVerv"/></vt:hoofdlijnaanduiding><vt:locatieaanduiding><l:LocatieRef xlink:href="nl.imow-gm1911.gebiedengroep.VerspreideHuizenMiddenmeer"/></vt:locatieaanduiding></vt:Tekstdeel></ow-dc:owObject></sl:stand>
  <sl:stand><ow-dc:owObject><vt:Tekstdeel><vt:identificatie>nl.imow-gm1911.tekstdeel.chp5subchp5p7</vt:identificatie><vt:idealisatie>http://standaarden.omgevingswet.overheid.nl/idealisatie/id/concept/Exact</vt:idealisatie><vt:divisieaanduiding><vt:DivisieRef xlink:href="nl.imow-gm1911.divisie.chp5subchp5p7"/></vt:divisieaanduiding><vt:hoofdlijnaanduiding><vt:HoofdlijnRef xlink:href="nl.imow-gm1911.hoofdlijn.Herleven"/></vt:hoofdlijnaanduiding><vt:locatieaanduiding><l:LocatieRef xlink:href="nl.imow-gm1911.gebiedengroep.VerspreideHuizenSlootdorp"/></vt:locatieaanduiding></vt:Tekstdeel></ow-dc:owObject></sl:stand>
  <sl:stand><ow-dc:owObject><vt:Tekstdeel><vt:identificatie>nl.imow-gm1911.tekstdeel.chp6subchp6p1</vt:identificatie><vt:idealisatie>http://standaarden.omgevingswet.overheid.nl/idealisatie/id/concept/Exact</vt:idealisatie><vt:divisieaanduiding><vt:DivisieRef xlink:href="nl.imow-gm1911.divisie.chp6subchp6p1"/></vt:divisieaanduiding><vt:hoofdlijnaanduiding><vt:HoofdlijnRef xlink:href="nl.imow-gm1911.hoofdlijn.Ongewijzigd"/></vt:hoofdlijnaanduiding><vt:kaartaanduiding><k:KaartRef xlink:href="nl.imow-gm1911.kaart.Ongewijzigd"/></vt:kaartaanduiding><vt:locatieaanduiding><l:LocatieRef xlink:href="nl.imow-gm1911.ambtsgebied.kadastertest"/></vt:locatieaanduiding></vt:Tekstdeel></ow-dc:owObject></sl:stand>
  <sl:stand><ow-dc:owObject><vt:Tekstdeel><vt:identificatie>nl.imow-gm1911.tekstdeel.chp6subchp6p2</vt:identificatie><vt:idealisatie>http://standaarden.omgevingswet.overheid.nl/idealisatie/id/concept/Exact</vt:idealisatie><vt:divisieaanduiding><vt:DivisieRef xlink:href="nl.imow-gm1911.divisie.chp6subchp6p2"/></vt:divisieaanduiding><vt:hoofdlijnaanduiding><vt:HoofdlijnRef xlink:href="nl.imow-gm1911.hoofdlijn.NaamWijziging"/></vt:hoofdlijnaanduiding><vt:kaartaanduiding><k:KaartRef xlink:href="nl.imow-gm1911.kaart.NaamWijziging"/></vt:kaartaanduiding><vt:locatieaanduiding><l:LocatieRef xlink:href="nl.imow-gm1911.gebiedengroep.BuitengebiedWieringerwaard"/></vt:locatieaanduiding></vt:Tekstdeel></ow-dc:owObject></sl:stand>
  <sl:stand><ow-dc:owObject><vt:Tekstdeel><vt:identificatie>nl.imow-gm1911.tekstdeel.chp6subchp6p3</vt:identificatie><vt:idealisatie>http://standaarden.omgevingswet.overheid.nl/idealisatie/id/concept/Exact</vt:idealisatie><vt:divisieaanduiding><vt:DivisieRef xlink:href="nl.imow-gm1911.divisie.chp6subchp6p3"/></vt:divisieaanduiding><vt:hoofdlijnaanduiding><vt:HoofdlijnRef xlink:href="nl.imow-gm1911.hoofdlijn.LocatieWijziging"/></vt:hoofdlijnaanduiding><vt:kaartaanduiding><k:KaartRef xlink:href="nl.imow-gm1911.kaart.LocatieWijziging"/></vt:kaartaanduiding><vt:locatieaanduiding><l:LocatieRef xlink:href="nl.imow-gm1911.gebiedengroep.Oostpolder"/></vt:locatieaanduiding></vt:Tekstdeel></ow-dc:owObject></sl:stand>
  <sl:stand><ow-dc:owObject><vt:Tekstdeel><vt:identificatie>nl.imow-gm1911.tekstdeel.chp6subchp6p4</vt:identificatie><vt:idealisatie>http://standaarden.omgevingswet.overheid.nl/idealisatie/id/concept/Exact</vt:idealisatie><vt:divisieaanduiding><vt:DivisieRef xlink:href="nl.imow-gm1911.divisie.chp6subchp6p4"/></vt:divisieaanduiding><vt:hoofdlijnaanduiding><vt:HoofdlijnRef xlink:href="nl.imow-gm1911.hoofdlijn.Beeindiging"/></vt:hoofdlijnaanduiding><vt:kaartaanduiding><k:KaartRef xlink:href="nl.imow-gm1911.kaart.Beeindiging"/></vt:kaartaanduiding><vt:locatieaanduiding><l:LocatieRef xlink:href="nl.imow-gm1911.gebiedengroep.VerspreideHuizenWieringerwerf"/></vt:locatieaanduiding></vt:Tekstdeel></ow-dc:owObject></sl:stand>
  <sl:stand><ow-dc:owObject><vt:Tekstdeel><vt:identificatie>nl.imow-gm1911.tekstdeel.chp6subchp6p5</vt:identificatie><vt:idealisatie>http://standaarden.omgevingswet.overheid.nl/idealisatie/id/concept/Exact</vt:idealisatie><vt:divisieaanduiding><vt:DivisieRef xlink:href="nl.imow-gm1911.divisie.chp6subchp6p5"/></vt:divisieaanduiding><vt:hoofdlijnaanduiding><vt:HoofdlijnRef xlink:href="nl.imow-gm1911.hoofdlijn.IntrekkenVervangen"/></vt:hoofdlijnaanduiding><vt:kaartaanduiding><k:KaartRef xlink:href="nl.imow-gm1911.kaart.IntrekkenVervangen"/></vt:kaartaanduiding><vt:locatieaanduiding><l:LocatieRef xlink:href="nl.imow-gm1911.gebiedengroep.VerspreideHuizenKreileroord"/></vt:locatieaanduiding></vt:Tekstdeel></ow-dc:owObject></sl:stand>
  <sl:stand><ow-dc:owObject><vt:Tekstdeel><vt:identificatie>nl.imow-gm1911.tekstdeel.chp6subchp6p6</vt:identificatie><vt:idealisatie>http://standaarden.omgevingswet.overheid.nl/idealisatie/id/concept/Exact</vt:idealisatie><vt:divisieaanduiding><vt:DivisieRef xlink:href="nl.imow-gm1911.divisie.chp6subchp6p6"/></vt:divisieaanduiding><vt:hoofdlijnaanduiding><vt:HoofdlijnRef xlink:href="nl.imow-gm1911.hoofdlijn.BeeindigingNavIntrVerv"/></vt:hoofdlijnaanduiding><vt:kaartaanduiding><k:KaartRef xlink:href="nl.imow-gm1911.kaart.BeeindigingNavIntrVerv"/></vt:kaartaanduiding><vt:locatieaanduiding><l:LocatieRef xlink:href="nl.imow-gm1911.gebiedengroep.VerspreideHuizenMiddenmeer"/></vt:locatieaanduiding></vt:Tekstdeel></ow-dc:owObject></sl:stand>
  <sl:stand><ow-dc:owObject><vt:Tekstdeel><vt:identificatie>nl.imow-gm1911.tekstdeel.chp6subchp6p7</vt:identificatie><vt:idealisatie>http://standaarden.omgevingswet.overheid.nl/idealisatie/id/concept/Exact</vt:idealisatie><vt:divisieaanduiding><vt:DivisieRef xlink:href="nl.imow-gm1911.divisie.chp6subchp6p7"/></vt:divisieaanduiding><vt:hoofdlijnaanduiding><vt:HoofdlijnRef xlink:href="nl.imow-gm1911.hoofdlijn.Herleven"/></vt:hoofdlijnaanduiding><vt:kaartaanduiding><k:KaartRef xlink:href="nl.imow-gm1911.kaart.Herleven"/></vt:kaartaanduiding><vt:locatieaanduiding><l:LocatieRef xlink:href="nl.imow-gm1911.gebiedengroep.VerspreideHuizenSlootdorp"/></vt:locatieaanduiding></vt:Tekstdeel></ow-dc:owObject></sl:stand>
  <sl:stand><ow-dc:owObject><vt:Tekstdeel><vt:identificatie>nl.imow-gm1911.tekstdeel.chp7subchp7p1</vt:identificatie><vt:idealisatie>http://standaarden.omgevingswet.overheid.nl/idealisatie/id/concept/Exact</vt:idealisatie><vt:divisieaanduiding><vt:DivisieRef xlink:href="nl.imow-gm1911.divisie.chp7subchp7p1"/></vt:divisieaanduiding><vt:hoofdlijnaanduiding><vt:HoofdlijnRef xlink:href="nl.imow-gm1911.hoofdlijn.Ongewijzigd"/></vt:hoofdlijnaanduiding><vt:locatieaanduiding><l:LocatieRef xlink:href="nl.imow-gm1911.ambtsgebied.kadastertest"/></vt:locatieaanduiding><vt:gebiedsaanwijzing><ga:GebiedsaanwijzingRef xlink:href="nl.imow-gm1911.gebiedsaanwijzing.Ongewijzigd"/></vt:gebiedsaanwijzing></vt:Tekstdeel></ow-dc:owObject></sl:stand>
  <sl:stand><ow-dc:owObject><vt:Tekstdeel><vt:identificatie>nl.imow-gm1911.tekstdeel.chp7subchp7p2</vt:identificatie><vt:idealisatie>http://standaarden.omgevingswet.overheid.nl/idealisatie/id/concept/Exact</vt:idealisatie><vt:divisieaanduiding><vt:DivisieRef xlink:href="nl.imow-gm1911.divisie.chp7subchp7p2"/></vt:divisieaanduiding><vt:hoofdlijnaanduiding><vt:HoofdlijnRef xlink:href="nl.imow-gm1911.hoofdlijn.NaamWijziging"/></vt:hoofdlijnaanduiding><vt:locatieaanduiding><l:LocatieRef xlink:href="nl.imow-gm1911.gebiedengroep.BuitengebiedWieringerwaard"/></vt:locatieaanduiding><vt:gebiedsaanwijzing><ga:GebiedsaanwijzingRef xlink:href="nl.imow-gm1911.gebiedsaanwijzing.NaamWijziging"/></vt:gebiedsaanwijzing></vt:Tekstdeel></ow-dc:owObject></sl:stand>
  <sl:stand><ow-dc:owObject><vt:Tekstdeel><vt:identificatie>nl.imow-gm1911.tekstdeel.chp7subchp7p3</vt:identificatie><vt:idealisatie>http://standaarden.omgevingswet.overheid.nl/idealisatie/id/concept/Exact</vt:idealisatie><vt:divisieaanduiding><vt:DivisieRef xlink:href="nl.imow-gm1911.divisie.chp7subchp7p3"/></vt:divisieaanduiding><vt:hoofdlijnaanduiding><vt:HoofdlijnRef xlink:href="nl.imow-gm1911.hoofdlijn.LocatieWijziging"/></vt:hoofdlijnaanduiding><vt:locatieaanduiding><l:LocatieRef xlink:href="nl.imow-gm1911.gebiedengroep.Oostpolder"/></vt:locatieaanduiding><vt:gebiedsaanwijzing><ga:GebiedsaanwijzingRef xlink:href="nl.imow-gm1911.gebiedsaanwijzing.LocatieWijziging"/></vt:gebiedsaanwijzing></vt:Tekstdeel></ow-dc:owObject></sl:stand>
  <sl:stand><ow-dc:owObject><vt:Tekstdeel><vt:identificatie>nl.imow-gm1911.tekstdeel.chp7subchp7p4</vt:identificatie><vt:idealisatie>http://standaarden.omgevingswet.overheid.nl/idealisatie/id/concept/Exact</vt:idealisatie><vt:divisieaanduiding><vt:DivisieRef xlink:href="nl.imow-gm1911.divisie.chp7subchp7p4"/></vt:divisieaanduiding><vt:hoofdlijnaanduiding><vt:HoofdlijnRef xlink:href="nl.imow-gm1911.hoofdlijn.Beeindiging"/></vt:hoofdlijnaanduiding><vt:locatieaanduiding><l:LocatieRef xlink:href="nl.imow-gm1911.gebiedengroep.VerspreideHuizenWieringerwerf"/></vt:locatieaanduiding><vt:gebiedsaanwijzing><ga:GebiedsaanwijzingRef xlink:href="nl.imow-gm1911.gebiedsaanwijzing.Beeindiging"/></vt:gebiedsaanwijzing></vt:Tekstdeel></ow-dc:owObject></sl:stand>
  <sl:stand><ow-dc:owObject><vt:Tekstdeel><vt:identificatie>nl.imow-gm1911.tekstdeel.chp7subchp7p5</vt:identificatie><vt:idealisatie>http://standaarden.omgevingswet.overheid.nl/idealisatie/id/concept/Exact</vt:idealisatie><vt:divisieaanduiding><vt:DivisieRef xlink:href="nl.imow-gm1911.divisie.chp7subchp7p5"/></vt:divisieaanduiding><vt:hoofdlijnaanduiding><vt:HoofdlijnRef xlink:href="nl.imow-gm1911.hoofdlijn.IntrekkenVervangen"/></vt:hoofdlijnaanduiding><vt:locatieaanduiding><l:LocatieRef xlink:href="nl.imow-gm1911.gebiedengroep.VerspreideHuizenKreileroord"/></vt:locatieaanduiding><vt:gebiedsaanwijzing><ga:GebiedsaanwijzingRef xlink:href="nl.imow-gm1911.gebiedsaanwijzing.IntrekkenVervangen"/></vt:gebiedsaanwijzing></vt:Tekstdeel></ow-dc:owObject></sl:stand>
  <sl:stand><ow-dc:owObject><vt:Tekstdeel><vt:identificatie>nl.imow-gm1911.tekstdeel.chp7subchp7p6</vt:identificatie><vt:idealisatie>http://standaarden.omgevingswet.overheid.nl/idealisatie/id/concept/Exact</vt:idealisatie><vt:divisieaanduiding><vt:DivisieRef xlink:href="nl.imow-gm1911.divisie.chp7subchp7p6"/></vt:divisieaanduiding><vt:hoofdlijnaanduiding><vt:HoofdlijnRef xlink:href="nl.imow-gm1911.hoofdlijn.BeeindigingNavIntrVerv"/></vt:hoofdlijnaanduiding><vt:locatieaanduiding><l:LocatieRef xlink:href="nl.imow-gm1911.gebiedengroep.VerspreideHuizenMiddenmeer"/></vt:locatieaanduiding><vt:gebiedsaanwijzing><ga:GebiedsaanwijzingRef xlink:href="nl.imow-gm1911.gebiedsaanwijzing.BeeindigingNavIntrVerv"/></vt:gebiedsaanwijzing></vt:Tekstdeel></ow-dc:owObject></sl:stand>
  <sl:stand><ow-dc:owObject><vt:Tekstdeel><vt:identificatie>nl.imow-gm1911.tekstdeel.chp7subchp7p7</vt:identificatie><vt:idealisatie>http://standaarden.omgevingswet.overheid.nl/idealisatie/id/concept/Exact</vt:idealisatie><vt:divisieaanduiding><vt:DivisieRef xlink:href="nl.imow-gm1911.divisie.chp7subchp7p7"/></vt:divisieaanduiding><vt:hoofdlijnaanduiding><vt:HoofdlijnRef xlink:href="nl.imow-gm1911.hoofdlijn.Herleven"/></vt:hoofdlijnaanduiding><vt:locatieaanduiding><l:LocatieRef xlink:href="nl.imow-gm1911.gebiedengroep.VerspreideHuizenSlootdorp"/></vt:locatieaanduiding><vt:gebiedsaanwijzing><ga:GebiedsaanwijzingRef xlink:href="nl.imow-gm1911.gebiedsaanwijzing.Herleven"/></vt:gebiedsaanwijzing></vt:Tekstdeel></ow-dc:owObject></sl:stand>
  <sl:stand><ow-dc:owObject><vt:Tekstdeel><vt:identificatie>nl.imow-gm1911.tekstdeel.chp8subchp8p1</vt:identificatie><vt:idealisatie>http://standaarden.omgevingswet.overheid.nl/idealisatie/id/concept/Exact</vt:idealisatie><vt:divisieaanduiding><vt:DivisieRef xlink:href="nl.imow-gm1911.divisie.chp8subchp8p1"/></vt:divisieaanduiding><vt:hoofdlijnaanduiding><vt:HoofdlijnRef xlink:href="nl.imow-gm1911.hoofdlijn.Ongewijzigd"/></vt:hoofdlijnaanduiding><vt:locatieaanduiding><l:LocatieRef xlink:href="nl.imow-gm1911.ambtsgebied.kadastertest"/></vt:locatieaanduiding></vt:Tekstdeel></ow-dc:owObject></sl:stand>
  <sl:stand><ow-dc:owObject><vt:Tekstdeel><vt:identificatie>nl.imow-gm1911.tekstdeel.chp8subchp8p2</vt:identificatie><vt:idealisatie>http://standaarden.omgevingswet.overheid.nl/idealisatie/id/concept/Exact</vt:idealisatie><vt:divisieaanduiding><vt:DivisieRef xlink:href="nl.imow-gm1911.divisie.chp8subchp8p2"/></vt:divisieaanduiding><vt:hoofdlijnaanduiding><vt:HoofdlijnRef xlink:href="nl.imow-gm1911.hoofdlijn.NaamWijziging"/></vt:hoofdlijnaanduiding><vt:locatieaanduiding><l:LocatieRef xlink:href="nl.imow-gm1911.gebiedengroep.BuitengebiedWieringerwaard"/></vt:locatieaanduiding></vt:Tekstdeel></ow-dc:owObject></sl:stand>
  <sl:stand><ow-dc:owObject><vt:Tekstdeel><vt:identificatie>nl.imow-gm1911.tekstdeel.chp8subchp8p3</vt:identificatie><vt:idealisatie>http://standaarden.omgevingswet.overheid.nl/idealisatie/id/concept/Exact</vt:idealisatie><vt:divisieaanduiding><vt:DivisieRef xlink:href="nl.imow-gm1911.divisie.chp8subchp8p3"/></vt:divisieaanduiding><vt:hoofdlijnaanduiding><vt:HoofdlijnRef xlink:href="nl.imow-gm1911.hoofdlijn.LocatieWijziging"/></vt:hoofdlijnaanduiding><vt:locatieaanduiding><l:LocatieRef xlink:href="nl.imow-gm1911.gebiedengroep.Oostpolder"/></vt:locatieaanduiding></vt:Tekstdeel></ow-dc:owObject></sl:stand>
  <sl:stand><ow-dc:owObject><vt:Tekstdeel><vt:identificatie>nl.imow-gm1911.tekstdeel.chp8subchp8p4</vt:identificatie><vt:idealisatie>http://standaarden.omgevingswet.overheid.nl/idealisatie/id/concept/Exact</vt:idealisatie><vt:divisieaanduiding><vt:DivisieRef xlink:href="nl.imow-gm1911.divisie.chp8subchp8p4"/></vt:divisieaanduiding><vt:hoofdlijnaanduiding><vt:HoofdlijnRef xlink:href="nl.imow-gm1911.hoofdlijn.Beeindiging"/></vt:hoofdlijnaanduiding><vt:locatieaanduiding><l:LocatieRef xlink:href="nl.imow-gm1911.gebiedengroep.VerspreideHuizenWieringerwerf"/></vt:locatieaanduiding></vt:Tekstdeel></ow-dc:owObject></sl:stand>
  <sl:stand><ow-dc:owObject><vt:Tekstdeel><vt:identificatie>nl.imow-gm1911.tekstdeel.chp8subchp8p5</vt:identificatie><vt:idealisatie>http://standaarden.omgevingswet.overheid.nl/idealisatie/id/concept/Exact</vt:idealisatie><vt:divisieaanduiding><vt:DivisieRef xlink:href="nl.imow-gm1911.divisie.chp8subchp8p5"/></vt:divisieaanduiding><vt:hoofdlijnaanduiding><vt:HoofdlijnRef xlink:href="nl.imow-gm1911.hoofdlijn.IntrekkenVervangen"/></vt:hoofdlijnaanduiding><vt:locatieaanduiding><l:LocatieRef xlink:href="nl.imow-gm1911.gebiedengroep.VerspreideHuizenKreileroord"/></vt:locatieaanduiding></vt:Tekstdeel></ow-dc:owObject></sl:stand>
  <sl:stand><ow-dc:owObject><vt:Tekstdeel><vt:identificatie>nl.imow-gm1911.tekstdeel.chp8subchp8p6</vt:identificatie><vt:idealisatie>http://standaarden.omgevingswet.overheid.nl/idealisatie/id/concept/Exact</vt:idealisatie><vt:divisieaanduiding><vt:DivisieRef xlink:href="nl.imow-gm1911.divisie.chp8subchp8p6"/></vt:divisieaanduiding><vt:hoofdlijnaanduiding><vt:HoofdlijnRef xlink:href="nl.imow-gm1911.hoofdlijn.Ongewijzigd"/></vt:hoofdlijnaanduiding><vt:locatieaanduiding><l:LocatieRef xlink:href="nl.imow-gm1911.ambtsgebied.kadastertest"/></vt:locatieaanduiding></vt:Tekstdeel></ow-dc:owObject></sl:stand>
  <sl:stand><ow-dc:owObject><vt:Tekstdeel><vt:identificatie>nl.imow-gm1911.tekstdeel.chp8subchp8p7</vt:identificatie><vt:idealisatie>http://standaarden.omgevingswet.overheid.nl/idealisatie/id/concept/Exact</vt:idealisatie><vt:divisieaanduiding><vt:DivisieRef xlink:href="nl.imow-gm1911.divisie.chp8subchp8p7"/></vt:divisieaanduiding><vt:hoofdlijnaanduiding><vt:HoofdlijnRef xlink:href="nl.imow-gm1911.hoofdlijn.NaamWijziging"/></vt:hoofdlijnaanduiding><vt:locatieaanduiding><l:LocatieRef xlink:href="nl.imow-gm1911.gebiedengroep.BuitengebiedWieringerwaard"/></vt:locatieaanduiding></vt:Tekstdeel></ow-dc:owObject></sl:stand>
  <sl:stand><ow-dc:owObject><vt:Tekstdeel><vt:identificatie>nl.imow-gm1911.tekstdeel.chp8subchp8p8</vt:identificatie><vt:idealisatie>http://standaarden.omgevingswet.overheid.nl/idealisatie/id/concept/Exact</vt:idealisatie><vt:divisieaanduiding><vt:DivisieRef xlink:href="nl.imow-gm1911.divisie.chp8subchp8p8"/></vt:divisieaanduiding><vt:hoofdlijnaanduiding><vt:HoofdlijnRef xlink:href="nl.imow-gm1911.hoofdlijn.LocatieWijziging"/></vt:hoofdlijnaanduiding><vt:locatieaanduiding><l:LocatieRef xlink:href="nl.imow-gm1911.gebiedengroep.Oostpolder"/></vt:locatieaanduiding></vt:Tekstdeel></ow-dc:owObject></sl:stand>
  <sl:stand><ow-dc:owObject><vt:Tekstdeel><vt:identificatie>nl.imow-gm1911.tekstdeel.chp8subchp8p9</vt:identificatie><vt:idealisatie>http://standaarden.omgevingswet.overheid.nl/idealisatie/id/concept/Exact</vt:idealisatie><vt:divisieaanduiding><vt:DivisieRef xlink:href="nl.imow-gm1911.divisie.chp8subchp8p9"/></vt:divisieaanduiding><vt:hoofdlijnaanduiding><vt:HoofdlijnRef xlink:href="nl.imow-gm1911.hoofdlijn.Beeindiging"/></vt:hoofdlijnaanduiding><vt:locatieaanduiding><l:LocatieRef xlink:href="nl.imow-gm1911.gebiedengroep.VerspreideHuizenWieringerwerf"/></vt:locatieaanduiding></vt:Tekstdeel></ow-dc:owObject></sl:stand>
  <sl:stand><ow-dc:owObject><vt:Tekstdeel><vt:identificatie>nl.imow-gm1911.tekstdeel.chp8subchp8p10</vt:identificatie><vt:idealisatie>http://standaarden.omgevingswet.overheid.nl/idealisatie/id/concept/Exact</vt:idealisatie><vt:divisieaanduiding><vt:DivisieRef xlink:href="nl.imow-gm1911.divisie.chp8subchp8p10"/></vt:divisieaanduiding><vt:hoofdlijnaanduiding><vt:HoofdlijnRef xlink:href="nl.imow-gm1911.hoofdlijn.IntrekkenVervangen"/></vt:hoofdlijnaanduiding><vt:locatieaanduiding><l:LocatieRef xlink:href="nl.imow-gm1911.gebiedengroep.VerspreideHuizenKreileroord"/></vt:locatieaanduiding></vt:Tekstdeel></ow-dc:owObject></sl:stand>
  <sl:stand><ow-dc:owObject><vt:Tekstdeel><vt:identificatie>nl.imow-gm1911.tekstdeel.chp9subchp9p1</vt:identificatie><vt:idealisatie>http://standaarden.omgevingswet.overheid.nl/idealisatie/id/concept/Exact</vt:idealisatie><vt:divisieaanduiding><vt:DivisieRef xlink:href="nl.imow-gm1911.divisie.chp9subchp9p1"/></vt:divisieaanduiding><vt:locatieaanduiding><l:LocatieRef xlink:href="nl.imow-gm1911.ambtsgebied.kadastertest"/></vt:locatieaanduiding></vt:Tekstdeel></ow-dc:owObject></sl:stand>
  <sl:stand><ow-dc:owObject><vt:Tekstdeel><vt:identificatie>nl.imow-gm1911.tekstdeel.chp9subchp9p2</vt:identificatie><vt:idealisatie>http://standaarden.omgevingswet.overheid.nl/idealisatie/id/concept/Exact</vt:idealisatie><vt:divisieaanduiding><vt:DivisietekstRef xlink:href="nl.imow-gm1911.divisietekst.chp9subchp9p1"/></vt:divisieaanduiding><vt:locatieaanduiding><l:LocatieRef xlink:href="nl.imow-gm1911.ambtsgebied.kadastertest"/></vt:locatieaanduiding></vt:Tekstdeel></ow-dc:owObject></sl:stand>
 </sl:standBestand>
</ow-dc:owBestand>
