<?xml version="1.0" encoding="UTF-8"?>
<ow-dc:owBestand xsi:schemaLocation="http://www.geostandaarden.nl/imow/bestanden/deelbestand https://register.geostandaarden.nl/xmlschema/tpod/v2.0.0/bestanden-ow/deelbestand-ow/IMOW_Deelbestand.xsd" xmlns:xsi="http://www.w3.org/2001/XMLSchema-instance" xmlns:xlink="http://www.w3.org/1999/xlink" xmlns:ga="http://www.geostandaarden.nl/imow/gebiedsaanwijzing" xmlns:da="http://www.geostandaarden.nl/imow/datatypenalgemeen" xmlns:sl="http://www.geostandaarden.nl/bestanden-ow/standlevering-generiek" xmlns:ow-dc="http://www.geostandaarden.nl/imow/bestanden/deelbestand" xmlns:ow="http://www.geostandaarden.nl/imow/owobject" xmlns:rol="http://www.geostandaarden.nl/imow/regelsoplocatie" xmlns:rg="http://www.geostandaarden.nl/imow/regelingsgebied" xmlns:p="http://www.geostandaarden.nl/imow/pons" xmlns:l="http://www.geostandaarden.nl/imow/locatie" xmlns:r="http://www.geostandaarden.nl/imow/regels" xmlns:k="http://www.geostandaarden.nl/imow/kaart" xmlns:s="http://www.geostandaarden.nl/imow/symbolisatie" xmlns:op="http://www.geostandaarden.nl/imow/opobject" xmlns:vt="http://www.geostandaarden.nl/imow/vrijetekst">
   <sl:standBestand>
      <sl:dataset>TijdreizenInHollandsKroon</sl:dataset>
      <sl:inhoud>
         <sl:gebied>Amsterdam</sl:gebied>
         <sl:leveringsId>Kadaster-Tijdreizen-initieel_001</sl:leveringsId>
         <sl:objectTypen>
            <sl:objectType>Ambtsgebied</sl:objectType>
            <sl:objectType>Gebied</sl:objectType>
            <sl:objectType>Gebiedengroep</sl:objectType>
         </sl:objectTypen>
      </sl:inhoud>
      <sl:stand>
         <ow-dc:owObject>
            <l:Gebiedengroep>
               <l:identificatie>nl.imow-gm1911.gebiedengroep.BuitengebiedWieringerwaard</l:identificatie>
               <l:noemer>Buitengebied Wieringerwaard</l:noemer>
               <l:groepselement>
                  <l:GebiedRef xlink:href="nl.imow-gm1911.gebied.BuitengebiedWieringerwaard"/>
               </l:groepselement>
            </l:Gebiedengroep>
         </ow-dc:owObject>
      </sl:stand>
      <sl:stand>
         <ow-dc:owObject>
            <l:Gebied>
               <l:identificatie>nl.imow-gm1911.gebied.BuitengebiedWieringerwaard</l:identificatie>
               <l:geometrie>
                  <l:GeometrieRef xlink:href="37eb99fb-e833-4c4e-9dd5-bc5b6a930b90"/>
               </l:geometrie>
            </l:Gebied>
         </ow-dc:owObject>
      </sl:stand>
      <sl:stand>
         <ow-dc:owObject>
            <l:Gebiedengroep>
               <l:identificatie>nl.imow-gm1911.gebiedengroep.Oostpolder</l:identificatie>
               <l:noemer>Oostpolder</l:noemer>
               <l:groepselement>
                  <l:GebiedRef xlink:href="nl.imow-gm1911.gebied.Oostpolder"/>
               </l:groepselement>
            </l:Gebiedengroep>
         </ow-dc:owObject>
      </sl:stand>
      <sl:stand>
         <ow-dc:owObject>
            <l:Gebied>
               <l:identificatie>nl.imow-gm1911.gebied.Oostpolder</l:identificatie>
               <l:geometrie>
                  <l:GeometrieRef xlink:href="cbb09e46-af07-4c99-9b87-4667e42ac120"/>
               </l:geometrie>
            </l:Gebied>
         </ow-dc:owObject>
      </sl:stand>
      <sl:stand>
         <ow-dc:owObject>
            <l:Gebiedengroep>
               <l:identificatie>nl.imow-gm1911.gebiedengroep.VerspreideHuizenKreileroord</l:identificatie>
               <l:noemer>Verspreide huizen Kreileroord</l:noemer>
               <l:groepselement>
                  <l:GebiedRef xlink:href="nl.imow-gm1911.gebied.VerspreideHuizenKreileroord"/>
               </l:groepselement>
            </l:Gebiedengroep>
         </ow-dc:owObject>
      </sl:stand>
      <sl:stand>
         <ow-dc:owObject>
            <l:Gebied>
               <l:identificatie>nl.imow-gm1911.gebied.VerspreideHuizenKreileroord</l:identificatie>
               <l:geometrie>
                  <l:GeometrieRef xlink:href="8d3e9f11-cd04-4b3d-810a-85efdd095446"/>
               </l:geometrie>
            </l:Gebied>
         </ow-dc:owObject>
      </sl:stand>
      <sl:stand>
         <ow-dc:owObject>
            <l:Gebiedengroep>
               <l:identificatie>nl.imow-gm1911.gebiedengroep.VerspreideHuizenMiddenmeer</l:identificatie>
               <l:noemer>Verspreide huizen Middenmeer</l:noemer>
               <l:groepselement>
                  <l:GebiedRef xlink:href="nl.imow-gm1911.gebied.VerspreideHuizenMiddenmeer"/>
               </l:groepselement>
            </l:Gebiedengroep>
         </ow-dc:owObject>
      </sl:stand>
      <sl:stand>
         <ow-dc:owObject>
            <l:Gebied>
               <l:identificatie>nl.imow-gm1911.gebied.VerspreideHuizenMiddenmeer</l:identificatie>
               <l:geometrie>
                  <l:GeometrieRef xlink:href="6b4bc1e7-c322-4ad5-be71-79404ec2d493"/>
               </l:geometrie>
            </l:Gebied>
         </ow-dc:owObject>
      </sl:stand>
      <sl:stand>
         <ow-dc:owObject>
            <l:Gebiedengroep>
               <l:identificatie>nl.imow-gm1911.gebiedengroep.VerspreideHuizenSlootdorp</l:identificatie>
               <l:noemer>Verspreide huizen Slootdorp</l:noemer>
               <l:groepselement>
                  <l:GebiedRef xlink:href="nl.imow-gm1911.gebied.VerspreideHuizenSlootdorp"/>
               </l:groepselement>
            </l:Gebiedengroep>
         </ow-dc:owObject>
      </sl:stand>
      <sl:stand>
         <ow-dc:owObject>
            <l:Gebied>
               <l:identificatie>nl.imow-gm1911.gebied.VerspreideHuizenSlootdorp</l:identificatie>
               <l:geometrie>
                  <l:GeometrieRef xlink:href="e338a391-b71f-465d-9cd7-1b96eef51ee3"/>
               </l:geometrie>
            </l:Gebied>
         </ow-dc:owObject>
      </sl:stand>
      <sl:stand>
         <ow-dc:owObject>
            <l:Gebiedengroep>
               <l:identificatie>nl.imow-gm1911.gebiedengroep.VerspreideHuizenWieringerwerf</l:identificatie>
               <l:noemer>Verspreide huizen Wieringerwerf</l:noemer>
               <l:groepselement>
                  <l:GebiedRef xlink:href="nl.imow-gm1911.gebied.VerspreideHuizenWieringerwerf"/>
               </l:groepselement>
            </l:Gebiedengroep>
         </ow-dc:owObject>
      </sl:stand>
      <sl:stand>
         <ow-dc:owObject>
            <l:Gebied>
               <l:identificatie>nl.imow-gm1911.gebied.VerspreideHuizenWieringerwerf</l:identificatie>
               <l:geometrie>
                  <l:GeometrieRef xlink:href="53c7e086-3f3e-46bb-89d8-7e9bed95819c"/>
               </l:geometrie>
            </l:Gebied>
         </ow-dc:owObject>
      </sl:stand>
      <sl:stand>
         <ow-dc:owObject>
            <l:Ambtsgebied>
               <l:identificatie>nl.imow-gm1911.ambtsgebied.kadastertest</l:identificatie>
               <l:bestuurlijkeGrenzenVerwijzing>
                  <l:BestuurlijkeGrenzenVerwijzing>
                     <l:bestuurlijkeGrenzenID>GM1911</l:bestuurlijkeGrenzenID>
                     <l:domein>NL.BI.BestuurlijkGebied</l:domein>
                     <l:geldigOp>2022-03-01</l:geldigOp>
                  </l:BestuurlijkeGrenzenVerwijzing>
               </l:bestuurlijkeGrenzenVerwijzing>
            </l:Ambtsgebied>
         </ow-dc:owObject>
      </sl:stand>
   </sl:standBestand>
</ow-dc:owBestand>
