<?xml version="1.0" encoding="UTF-8"?>
<ow-dc:owBestand xsi:schemaLocation="http://www.geostandaarden.nl/imow/bestanden/deelbestand https://register.geostandaarden.nl/xmlschema/tpod/v2.0.0/bestanden-ow/deelbestand-ow/IMOW_Deelbestand.xsd" xmlns:xsi="http://www.w3.org/2001/XMLSchema-instance" xmlns:xlink="http://www.w3.org/1999/xlink" xmlns:ga="http://www.geostandaarden.nl/imow/gebiedsaanwijzing" xmlns:da="http://www.geostandaarden.nl/imow/datatypenalgemeen" xmlns:sl="http://www.geostandaarden.nl/bestanden-ow/standlevering-generiek" xmlns:ow-dc="http://www.geostandaarden.nl/imow/bestanden/deelbestand" xmlns:ow="http://www.geostandaarden.nl/imow/owobject" xmlns:rol="http://www.geostandaarden.nl/imow/regelsoplocatie" xmlns:rg="http://www.geostandaarden.nl/imow/regelingsgebied" xmlns:p="http://www.geostandaarden.nl/imow/pons" xmlns:l="http://www.geostandaarden.nl/imow/locatie" xmlns:r="http://www.geostandaarden.nl/imow/regels" xmlns:k="http://www.geostandaarden.nl/imow/kaart" xmlns:s="http://www.geostandaarden.nl/imow/symbolisatie" xmlns:op="http://www.geostandaarden.nl/imow/opobject" xmlns:vt="http://www.geostandaarden.nl/imow/vrijetekst">
 <sl:standBestand>
   <sl:dataset>irrelevant</sl:dataset>
  <sl:inhoud>
   <sl:gebied>irrelevant</sl:gebied>
   <sl:leveringsId>irrelevant</sl:leveringsId>
   <sl:objectTypen>
    <sl:objectType>Regelingsgebied</sl:objectType>
   </sl:objectTypen>
  </sl:inhoud>
 <sl:stand>
  <ow-dc:owObject>
   <rg:Regelingsgebied>
    <rg:identificatie>nl.imow-gm1911.regelingsgebied.kadastertest</rg:identificatie>
    <rg:locatieaanduiding>
     <l:LocatieRef xlink:href="nl.imow-gm1911.ambtsgebied.kadastertest"/>
    </rg:locatieaanduiding>
   </rg:Regelingsgebied>
  </ow-dc:owObject>
 </sl:stand> 
 </sl:standBestand>
</ow-dc:owBestand>
