<?xml version="1.0" encoding="UTF-8"?>
<ow-dc:owBestand xsi:schemaLocation="http://www.geostandaarden.nl/imow/bestanden/deelbestand https://register.geostandaarden.nl/xmlschema/tpod/v2.0.0/bestanden-ow/deelbestand-ow/IMOW_Deelbestand.xsd" xmlns:xsi="http://www.w3.org/2001/XMLSchema-instance" xmlns:xlink="http://www.w3.org/1999/xlink" xmlns:ga="http://www.geostandaarden.nl/imow/gebiedsaanwijzing" xmlns:da="http://www.geostandaarden.nl/imow/datatypenalgemeen" xmlns:sl="http://www.geostandaarden.nl/bestanden-ow/standlevering-generiek" xmlns:ow-dc="http://www.geostandaarden.nl/imow/bestanden/deelbestand" xmlns:ow="http://www.geostandaarden.nl/imow/owobject" xmlns:rol="http://www.geostandaarden.nl/imow/regelsoplocatie" xmlns:rg="http://www.geostandaarden.nl/imow/regelingsgebied" xmlns:p="http://www.geostandaarden.nl/imow/pons" xmlns:l="http://www.geostandaarden.nl/imow/locatie" xmlns:r="http://www.geostandaarden.nl/imow/regels" xmlns:k="http://www.geostandaarden.nl/imow/kaart" xmlns:s="http://www.geostandaarden.nl/imow/symbolisatie" xmlns:op="http://www.geostandaarden.nl/imow/opobject" xmlns:vt="http://www.geostandaarden.nl/imow/vrijetekst">
 <sl:standBestand>
  <sl:dataset>irrelevant</sl:dataset>
  <sl:inhoud>
   <sl:gebied>irrelevant</sl:gebied>
   <sl:leveringsId>irrelevant</sl:leveringsId>
   <sl:objectTypen>
    <sl:objectType>Hoofdlijn</sl:objectType>
   </sl:objectTypen>
  </sl:inhoud>
  <sl:stand>
   <ow-dc:owObject>
    <vt:Hoofdlijn>
     <vt:identificatie>nl.imow-gm1911.hoofdlijn.Ongewijzigd</vt:identificatie>
     <vt:soort>testIndeling</vt:soort>
     <vt:naam>ongewijzigdeDocumentComponenten</vt:naam>
    </vt:Hoofdlijn>
   </ow-dc:owObject>
  </sl:stand>
  <sl:stand>
   <ow-dc:owObject>
    <vt:Hoofdlijn>
     <vt:identificatie>nl.imow-gm1911.hoofdlijn.NaamWijziging</vt:identificatie>
     <vt:soort>testIndeling</vt:soort>
     <vt:naam>van naam gewijzigde objecten</vt:naam>
    </vt:Hoofdlijn>
   </ow-dc:owObject>
  </sl:stand>
  <sl:stand>
   <ow-dc:owObject>
    <vt:Hoofdlijn>
     <vt:identificatie>nl.imow-gm1911.hoofdlijn.LocatieWijziging</vt:identificatie>
     <vt:soort>testIndeling</vt:soort>
     <vt:naam>van locatie gewijzigde objecten</vt:naam>
    </vt:Hoofdlijn>
   </ow-dc:owObject>
  </sl:stand>
  <sl:stand>
   <ow-dc:owObject>
    <vt:Hoofdlijn>
     <vt:identificatie>nl.imow-gm1911.hoofdlijn.Beeindiging</vt:identificatie>
     <vt:soort>testIndeling</vt:soort>
     <vt:naam>objecten die later beëindigd worden</vt:naam>
    </vt:Hoofdlijn>
   </ow-dc:owObject>
  </sl:stand>
  <sl:stand>
   <ow-dc:owObject>
    <vt:Hoofdlijn>
     <vt:identificatie>nl.imow-gm1911.hoofdlijn.IntrekkenVervangen</vt:identificatie>
     <vt:soort>testIndeling</vt:soort>
     <vt:naam>objecten die gewijzigd worden met intrekken en vervangen</vt:naam>
    </vt:Hoofdlijn>
   </ow-dc:owObject>
  </sl:stand>
  <sl:stand>
   <ow-dc:owObject>
    <vt:Hoofdlijn>
     <vt:identificatie>nl.imow-gm1911.hoofdlijn.BeeindigingNavIntrVerv</vt:identificatie>
     <vt:soort>testIndeling</vt:soort>
     <vt:naam>objecten die beëindigd worden bij wijziging nav de intrekken en vervangen</vt:naam>
    </vt:Hoofdlijn>
   </ow-dc:owObject>
  </sl:stand>
  <sl:stand>
   <ow-dc:owObject>
    <vt:Hoofdlijn>
     <vt:identificatie>nl.imow-gm1911.hoofdlijn.Herleven</vt:identificatie>
     <vt:soort>testIndeling</vt:soort>
     <vt:naam>objecten die beëindigd worden, en later weer bestaan (herleven)</vt:naam>
    </vt:Hoofdlijn>
   </ow-dc:owObject>
  </sl:stand>  
 </sl:standBestand>
</ow-dc:owBestand>
