<?xml version="1.0" encoding="UTF-8"?><mow:Aanleveringen xmlns:mow="http://www.geostandaarden.nl/bestanden-ow/manifest-ow">
      <mow:domein>omgevingswet</mow:domein>
      <mow:Aanlevering>
	<mow:WorkIDRegeling>/akn/nl/act/gm1911/2022/TijdreisPlanVrijetekststructuur</mow:WorkIDRegeling>
	<mow:DoelID>/join/id/proces/gm1911/2022/InitieelTijdreisPlan</mow:DoelID>
	<mow:Bestand>
	  <mow:naam>8d3e9f11-cd04-4b3d-810a-85efdd095446.gml</mow:naam>
	  <mow:objecttype>Geometrie</mow:objecttype>
	</mow:Bestand>
	<mow:Bestand>
	  <mow:naam>53c7e086-3f3e-46bb-89d8-7e9bed95819c.gml</mow:naam>
	  <mow:objecttype>Geometrie</mow:objecttype>
	</mow:Bestand>
	<mow:Bestand>
	  <mow:naam>e338a391-b71f-465d-9cd7-1b96eef51ee3.gml</mow:naam>
	  <mow:objecttype>Geometrie</mow:objecttype>
	</mow:Bestand>
	<mow:Bestand>
	  <mow:naam>37eb99fb-e833-4c4e-9dd5-bc5b6a930b90.gml</mow:naam>
	  <mow:objecttype>Geometrie</mow:objecttype>
	</mow:Bestand>
	<mow:Bestand>
	  <mow:naam>6b4bc1e7-c322-4ad5-be71-79404ec2d493.gml</mow:naam>
	  <mow:objecttype>Geometrie</mow:objecttype>
	</mow:Bestand>
	<mow:Bestand>
	  <mow:naam>cbb09e46-af07-4c99-9b87-4667e42ac120.gml</mow:naam>
	  <mow:objecttype>Geometrie</mow:objecttype>
	</mow:Bestand>
      </mow:Aanlevering>
    </mow:Aanleveringen>