<?xml version="1.0" encoding="UTF-8"?><lvbb:manifest xmlns:lvbb="http://www.overheid.nl/2017/lvbb"><lvbb:bestand><lvbb:bestandsnaam>37eb99fb-e833-4c4e-9dd5-bc5b6a930b90.gml</lvbb:bestandsnaam><lvbb:contentType>application/xml</lvbb:contentType></lvbb:bestand><lvbb:bestand><lvbb:bestandsnaam>consolidaties.xml</lvbb:bestandsnaam><lvbb:contentType>application/xml</lvbb:contentType></lvbb:bestand><lvbb:bestand><lvbb:bestandsnaam>HK_owGebiedsaanwijzing.xml</lvbb:bestandsnaam><lvbb:contentType>application/xml</lvbb:contentType></lvbb:bestand><lvbb:bestand><lvbb:bestandsnaam>HK_owTekstdeel.xml</lvbb:bestandsnaam><lvbb:contentType>application/xml</lvbb:contentType></lvbb:bestand><lvbb:bestand><lvbb:bestandsnaam>6b4bc1e7-c322-4ad5-be71-79404ec2d493.gml</lvbb:bestandsnaam><lvbb:contentType>application/xml</lvbb:contentType></lvbb:bestand><lvbb:bestand><lvbb:bestandsnaam>HK_owHoofdlijn.xml</lvbb:bestandsnaam><lvbb:contentType>application/xml</lvbb:contentType></lvbb:bestand><lvbb:bestand><lvbb:bestandsnaam>manifest-ow.xml</lvbb:bestandsnaam><lvbb:contentType>application/xml</lvbb:contentType></lvbb:bestand><lvbb:bestand><lvbb:bestandsnaam>53c7e086-3f3e-46bb-89d8-7e9bed95819c.gml</lvbb:bestandsnaam><lvbb:contentType>application/xml</lvbb:contentType></lvbb:bestand><lvbb:bestand><lvbb:bestandsnaam>HK_owKaart.xml</lvbb:bestandsnaam><lvbb:contentType>application/xml</lvbb:contentType></lvbb:bestand><lvbb:bestand><lvbb:bestandsnaam>HK_owLocatie.xml</lvbb:bestandsnaam><lvbb:contentType>application/xml</lvbb:contentType></lvbb:bestand><lvbb:bestand><lvbb:bestandsnaam>HK_owRegelingsgebied.xml</lvbb:bestandsnaam><lvbb:contentType>application/xml</lvbb:contentType></lvbb:bestand><lvbb:bestand><lvbb:bestandsnaam>manifest-bhkv.xml</lvbb:bestandsnaam><lvbb:contentType>application/xml</lvbb:contentType></lvbb:bestand><lvbb:bestand><lvbb:bestandsnaam>cbb09e46-af07-4c99-9b87-4667e42ac120.gml</lvbb:bestandsnaam><lvbb:contentType>application/xml</lvbb:contentType></lvbb:bestand><lvbb:bestand><lvbb:bestandsnaam>8d3e9f11-cd04-4b3d-810a-85efdd095446.gml</lvbb:bestandsnaam><lvbb:contentType>application/xml</lvbb:contentType></lvbb:bestand><lvbb:bestand><lvbb:bestandsnaam>HK_owDivisie.xml</lvbb:bestandsnaam><lvbb:contentType>application/xml</lvbb:contentType></lvbb:bestand><lvbb:bestand><lvbb:bestandsnaam>e338a391-b71f-465d-9cd7-1b96eef51ee3.gml</lvbb:bestandsnaam><lvbb:contentType>application/xml</lvbb:contentType></lvbb:bestand><lvbb:bestand><lvbb:bestandsnaam>manifest.xml</lvbb:bestandsnaam><lvbb:contentType>application/xml</lvbb:contentType></lvbb:bestand></lvbb:manifest>