<?xml version="1.0" encoding="UTF-8"?><mow:Aanleveringen xmlns:mow="http://www.geostandaarden.nl/bestanden-ow/manifest-ow">
	  <domein xmlns="http://www.geostandaarden.nl/bestanden-ow/manifest-ow" xmlns:xsi="http://www.w3.org/2001/XMLSchema-instance">omgevingswet</domein>
	  <Aanlevering xmlns="http://www.geostandaarden.nl/bestanden-ow/manifest-ow" xmlns:xsi="http://www.w3.org/2001/XMLSchema-instance">
	    <WorkIDRegeling>/akn/nl/act/gm1911/2022/TijdreisPlanVrijetekststructuur</WorkIDRegeling>
	    <DoelID>/join/id/proces/gm1911/2022/InitieelTijdreisPlan</DoelID>
	    <Bestand>
	      <naam>HK_owDivisie.xml</naam>
	      <objecttype>Divisie</objecttype>
	      <objecttype>Divisietekst</objecttype>
	    </Bestand>
	    <Bestand>
	      <naam>HK_owGebiedsaanwijzing.xml</naam>
	      <objecttype>Gebiedsaanwijzing</objecttype>
	    </Bestand>
	    <Bestand>
	      <naam>HK_owHoofdlijn.xml</naam>
	      <objecttype>Hoofdlijn</objecttype>
	    </Bestand>
	    <Bestand>
	      <naam>HK_owKaart.xml</naam>
	      <objecttype>Kaart</objecttype>
	    </Bestand>
	    <Bestand>
	      <naam>HK_owLocatie.xml</naam>
	      <objecttype>Gebied</objecttype>
	      <objecttype>Gebiedengroep</objecttype>
	    </Bestand>
	    <Bestand>
	      <naam>HK_owRegelingsgebied.xml</naam>
	      <objecttype>Regelingsgebied</objecttype>
	    </Bestand>
	    <Bestand>
	      <naam>HK_owTekstdeel.xml</naam>
	      <objecttype>Tekstdeel</objecttype>
	    </Bestand>
	  </Aanlevering>
	</mow:Aanleveringen>